permissions_count,dangerous_permissions,signature_permissions,package_entropy,has_native_lib,apk_size,activities,services,receivers,apk_name,op_move,op_const-string,op_new-instance,op_invoke-virtual,op_invoke-static,op_goto,api_getDeviceId,api_getSubscriberId,api_getLine1Number,api_sendTextMessage,api_exec,api_runtime_getRuntime,api_openConnection,api_newSocket,api_cipher_getInstance,api_secretKeySpec_init,api_class_forName,api_getDeclaredMethod,api_method_invoke,class
4,1,0,3.772055208874201,1,28215423,2,0,2,2A34E32CA01AD012A813391DB9B8FD7B1E7417554DF805F9014C66B2FC7FD80F.apk,2536,4602,3670,27306,6131,5521,3,0,0,0,83,0,0,0,0,0,0,40,87,benign
11,1,0,3.8553885422075345,0,47519324,7,13,12,2822C75A64CDE85BF6A208915BEC72C89D24F402D0C0676A52425FD3F8053E8E.apk,17815,65590,51871,196264,109174,50208,7,0,0,0,1684,11,21,1249,0,48,1,129,6162,benign
10,3,0,2.689246428509158,0,11185287,20,5,2,8E4C37FA32945228DC62077604E7BE6BBD374CED9776E121CEF860D59EB97B71.apk,6589,59833,57101,216538,107013,52763,3,0,0,0,990,16,12,1862,0,16,2,246,5230,benign
24,5,0,3.2639334294856344,0,16498096,31,18,18,2A51CB3F2AEE2653007EA04F9ACCBBEE271BDF386DD7A9046F951AB6A6971069.apk,21874,161630,82374,274745,211936,65034,9,0,0,0,703,24,27,751,0,20,1,110,16542,benign
34,7,0,3.272804327334621,0,11636608,10,14,7,8ACDB1DFBE29301D6124FB91BFB36D5644C92B0A0953681567DAE766CFD82D78.apk,12756,45831,41340,168925,85311,37616,3,0,0,0,1193,30,14,2147,0,22,1,104,1859,benign
27,7,0,3.4613201402110083,1,59581409,223,16,12,30D6E4EE2A955C297D632C9D810D698DD342FFBC6999CDA3F376C44628E2E006.apk,4176,76079,48934,192488,72942,38884,29,7,1,0,773,14,54,841,0,64,4,80,1457,benign
6,3,0,2.75,0,2167612,7,0,0,259CBB37EAF08BCBB1DF45959430D3CAF3987135A54E8D73C2832B635EC26BD5.apk,1353,2819,3212,20732,5974,5713,2,0,0,0,44,0,0,21,0,0,0,20,54,benign
2,0,0,3.753391122901187,0,16521075,2,0,0,E193E6337CC9A4F924633D580AE67247FAA24ED6A211ADF4D8FD8F0713BC5C72.apk,2729,9459,5205,15946,18433,6341,0,0,0,0,18,0,0,19,0,0,1,25,2544,benign
9,3,0,3.7532696895151076,1,54022218,10,1,0,C159F4C695BE10BA5A2AF9EF1948CBC987BF277A0841EF25C96455164DD64D73.apk,10462,43035,34151,127158,81124,32590,6,0,0,0,703,8,5,1081,1,80,1,88,4766,benign
9,0,0,3.5841837197791886,0,30609932,34,14,12,6E4C01883F5652D8D4DE1163CE6CB3320B531F1CEB95BEC9BD9B690B16736314.apk,4167,57559,38252,139117,82497,32505,9,0,0,0,1034,11,33,153,0,32,9,90,3140,benign
34,4,0,4.281835532605626,0,8678278,13,17,15,8BB88330EAA090892BAEF0F373980CB619483F6C0A7081A1C6F6ABEBAB4C078F.apk,3211,34784,27313,123737,51571,27436,3,0,0,0,832,11,19,897,0,35,0,87,285,benign
28,4,0,3.2312702546075744,1,12733722,9,7,5,888460C8B09FEF79FA516BF32AB864094EF5C9521085FBD342CA43C42D7683FC.apk,3464,33481,27220,98843,49869,26249,3,0,0,0,797,16,16,1196,0,8,1,66,1491,benign
5,0,0,3.8312762533752505,0,1857865,4,3,4,C2DE756AFC77CF62B65DA4B9DB5235BBE79797D2DEDF494B58D46C5BCF296C9C.apk,3058,11711,8211,37500,15697,11632,0,0,0,0,83,1,8,23,0,26,0,40,125,benign
5,2,0,3.5780011510322707,0,3239127,4,0,0,A8252D663606C401CC95BEFB839351E1380DC1B3038ECB8C4F12535DD6115622.apk,2540,8862,10220,60634,17259,14390,7,0,0,0,193,0,0,22,0,0,0,61,170,benign
5,0,0,4.039609784138564,1,15518197,3,2,2,193A4664E3B0CB879C588467363E043066A062249B2BE343B1459D59EC194306.apk,1641,13676,11958,48218,18737,12859,3,0,0,0,121,2,11,190,0,24,0,51,133,benign
36,1,0,3.915957320949174,0,4023597,20,11,13,7DA2291B312373526C9183D4908410FF7B9C4A8FB689CB76492B3E4433ED77AB.apk,1592,16893,13252,61044,25768,14496,2,0,0,0,272,4,13,519,0,26,0,46,190,benign
11,2,0,3.756949899004894,0,8961732,9,3,2,B0B5717045C4730521458967DC90189D1085882B8607B38912F14E3FBEDEFA10.apk,1565,23919,13477,63236,20522,16842,2,0,0,0,171,3,16,628,0,6,1,53,319,benign
16,2,0,3.718309360223419,0,23996631,57,12,8,09C5FA0313E394092DD8EAC5113028B2909BFAC9D7A6C6B287024C8D5406A91D.apk,43297,148413,143909,764124,290897,114893,17,10,0,0,1857,14,62,1228,0,51,0,145,20881,benign
21,0,0,4.020926316000353,0,22486890,27,20,13,C8C5B559DCC9FE55B858AAB86D8DD8485981A36290ED1BB3DE6C15ADD145637A.apk,4971,56680,43420,161857,81649,40718,6,0,0,0,785,18,33,1455,0,28,1,98,596,benign
7,2,0,3.8230679822736606,0,3843377,7,0,0,D22CF4BD3EF5203DF67023B3C4AFEB69B7D8B094019CCCC2B9EA485A5D479325.apk,1230,5744,4041,12843,3353,3343,0,0,0,0,90,1,8,834,0,6,0,4,43,benign
13,5,0,3.47135448701393,1,13283192,62,11,5,E6FF0A4FB345A97C9D40A4152E3BF75FAF79A163C8AE56B2F1663E6408A61C40.apk,3459,57744,32090,137941,59172,28551,8,0,0,0,1824,8,24,2151,0,12,0,106,1361,benign
8,1,0,3.820888851350188,0,29126031,5,4,2,11BC3DB919BCFAB99E76C574B5886A1E8B898B24433432C618FF58D42413E0D4.apk,1541,18012,13702,56655,27771,11358,1,0,0,0,259,4,17,217,0,26,0,42,148,benign
12,4,0,3.2953570516174415,0,13296988,59,12,5,6402C2D7A048EAC68D65A79D0E833D284AB1AC010A31C25859F5C425A5362C64.apk,2206,49592,21719,100540,37751,20865,2,0,0,0,270,2,36,435,0,55,1,55,312,benign
1,0,0,3.836591668108979,0,5431956,3,0,0,D765F360969237F20339607322EDA185DB0CA4E5444116138BBE820C5B65DF4A.apk,1958,10657,11339,56081,16776,12803,4,0,0,0,467,9,3,1040,0,8,0,55,231,benign
6,2,0,3.739535018578148,0,2225989,5,7,3,1867FA2409A1671B9930565F787B4533A7D41E7BC6135307D4E09CCF7EE57A17.apk,1422,14536,12395,44070,24419,13121,4,0,0,0,198,0,7,256,0,26,0,17,86,benign
4,1,0,3.863608500731241,0,3006508,6,1,1,C736D7A2DAFF53D446E672857A1B6EAC6617104A5590241C5FE4AF374E63C7D8.apk,6878,22492,12040,61616,44390,18134,8,0,0,0,147,0,5,67,0,12,0,15,59,benign
27,8,0,3.625,0,117158097,9,13,11,A101EF9EFCFCEFF6B0773449030E41246BC6940BC2B543C390721CE4005C7D80.apk,45374,211879,166747,496445,442776,148642,16,0,1,0,4070,12,21,5098,0,40,0,446,61548,benign
8,1,0,3.5726236638951634,0,7909629,15,11,10,FCC0EACBF0A78500A4E40275C965D781E824D75272C35431E7EF8DFFBAF5DA92.apk,12781,44663,35627,110066,60711,35795,9,0,0,0,478,11,24,1137,0,24,1,71,1155,benign
11,0,0,3.9161269465882835,1,27405230,38,15,19,14398EF6AF03D0027D4931BEA2663E4BF725662D2DAC2EAE89615FC8368B29D3.apk,3936,46280,37401,154606,65029,35142,9,0,0,0,615,19,39,959,0,41,0,93,292,benign
36,10,0,3.5,1,11064107,87,11,5,835DD01B37A3F3C4729B645612914C746CACAC3C1F2BE98878F4462B283270FC.apk,13279,42684,27332,132251,46730,36167,52,16,1,24,666,18,30,2890,0,70,0,69,346,benign
7,3,0,3.8731406795131322,1,48899480,10,0,1,7AF2F2B655F3412AA4BD96DC94F68FEA3DBDAF46E8F4C7A3D63E66A2EF596256.apk,1336,16036,12769,55100,25811,11821,10,0,0,0,216,3,15,186,0,26,0,38,439,benign
12,2,0,3.8103172375727787,0,9727666,14,6,8,77D334FDC4F647A4A2EA307EEC0A0E337A8E0582C15027AE363BB2C280C1605E.apk,4800,49569,39256,166683,72773,38332,7,0,0,0,837,5,17,144,0,55,0,91,3146,benign
16,9,0,3.636842188131012,0,400290,1,0,0,2A82375910713A2007E0523C090A7275BF83F09113D58AD494FA1A5FA55E2DA4.apk,44,2119,665,3629,551,565,0,0,0,0,22,0,6,21,0,0,0,1,2,benign
20,6,0,3.8746697102453482,0,11793566,52,14,6,138475313B653517208855F1DC62DDDBEB46223373B3B795464B24A2547636E0.apk,4598,42972,35842,149196,68012,35958,4,0,0,0,1522,10,17,2950,0,22,1,68,3934,benign
9,2,0,4.042433003725894,0,7778054,8,4,4,7FFB1D83CD0F56C732C9025A2772617EA6303AC1F29C3374287D36E9CCEC8650.apk,9409,26852,19026,89895,38144,23627,6,0,0,0,228,7,16,290,0,2,0,47,137,benign
11,0,0,3.5086949695628418,0,2193055,4,8,7,D24525974ED8C803C4C8D13086F605F56058BB18DE199CE6802EA2BA1E81718B.apk,1126,17861,14090,52208,28400,12980,3,0,0,0,349,2,9,208,0,31,0,37,177,benign
20,3,0,3.821928094887362,0,39916657,70,18,15,7D669C544630A24D2DF1993C9E2061F35ED4F3BC1EC0394F319101C7F8EC6551.apk,30524,139574,102674,387969,237657,87505,19,0,0,0,2486,53,68,2445,0,123,1,187,10287,benign
36,3,0,3.580462199727102,0,11011757,24,21,19,4AC87621CA8165B6883E21D855CFEEF6675E8DD4CCECA9B939CB8CFB1C6D510B.apk,4416,49801,41738,157758,75855,39098,9,1,0,0,676,13,36,629,0,62,0,132,679,benign
10,4,0,3.0269868333592873,0,13322232,20,6,3,EC60B165034C567F3B7F132DAF9F2B670C01B1E87D24BD869CE6D112CC330BD8.apk,2095,20792,16625,76453,24898,15824,6,0,0,0,381,6,6,837,0,8,0,58,170,benign
14,2,0,3.3211043305784913,0,3747413,15,15,18,C1171C0D16598C804DADC61FE8ABA426F0D55C140EA9461F501BC2BDA7100F2D.apk,4515,11581,9261,49539,14696,11917,2,0,0,0,176,2,11,0,0,0,0,31,79,benign
4,1,0,3.4632805178108104,0,3755316,3,0,0,10E7F170CA5D0A6C3E4D3963EF2B626AAF4AAF92779FC7A36B7221B6699AB656.apk,3649,10743,9682,45861,16827,14427,2,0,0,0,152,2,13,52,0,26,0,33,110,benign
2,0,0,3.518867931899244,0,4444045,14,0,0,A660DF1493F21E635D333F49260A9F6D4DA6802C9109B2A907A12842890A7A6B.apk,2037,13657,9426,44677,22851,13394,3,0,0,0,124,0,3,21,0,0,1,43,1749,benign
2,0,0,4.004886164091842,1,12565760,5,2,0,F664525033D8FF1FFD45A35905B24D09AD600DA8CF2A3FC69DCCB3C3AD09875D.apk,214,1343,597,3460,1029,642,0,0,0,0,12,0,6,6,0,0,0,3,4,benign
12,3,0,4.106949132758152,1,36258861,16,7,13,BF493EE58AF1C63BA80F28D9C36923A821E46B16F9255357FD8573C2DACD7518.apk,3533,35026,30278,117746,56449,28558,8,0,0,0,500,22,17,488,0,66,0,65,828,benign
20,0,0,3.3232314287976203,0,59121321,88,21,17,85C0717D628600E8368F6BDE4B12981CFE3A0CC44279B9893260FA418EBCBDAB.apk,41420,208633,142583,602713,323684,150346,22,0,0,0,2814,61,95,1992,0,155,1,202,9930,benign
17,6,0,3.321928094887362,0,3736253,36,10,7,0D64D44C44E2DD4778CC0B8F62B924D4515E80DDF041F38E1344EE131FFF633E.apk,2702,7804,6061,29155,7753,6660,0,0,0,0,192,8,6,206,0,0,0,6,18,benign
4,2,0,4.3570751751387204,0,6717444,1,0,0,17A3D321212C18E0565BB2A4CDAA65591C4A90F3F1B06A3944B4813603C1F69E.apk,4253,23863,18781,80820,46173,23691,7,0,0,0,268,4,0,702,0,8,0,71,3637,benign
21,3,0,3.5,0,20255516,128,22,17,772038E08A255F663707A1FEC03DC66E79A2FAF9F6100661FCDFD9FE0C78EAB0.apk,27576,134712,90608,377624,200848,80181,21,0,0,2,2164,57,69,2030,0,81,2,206,6304,benign
16,6,0,3.0850551027564768,1,11891332,37,11,3,6678FB9E644F369752FC35C7068E40F79B1F02E8BBA38A08D57601AF13E8A697.apk,3771,40720,28060,117149,52932,26773,4,0,0,0,503,9,16,1529,0,20,0,60,1171,benign
6,3,0,4.117861029749888,0,3648726,3,0,0,D3AA6CA9330BF3F0AC31AAE6408219EF032132B927C2C30FD9EB66C40052DEA3.apk,2029,9127,6538,27451,13326,8504,0,0,0,0,104,1,10,45,0,4,0,20,86,benign
13,5,0,3.753434386188785,0,10218642,60,11,6,16FA39B7F277A679F3BD5DE04342C4FE5247B418458C5667AE89A58F1D0B89F4.apk,10194,40836,30655,136654,54407,35872,11,0,0,0,639,10,41,1109,0,11,0,55,209,benign
12,2,0,3.913977073182751,0,39032914,58,15,11,412CD3CC0EBDF7888A2145493E71BFFC8E55CD454BF65EE7FD983957F5542E60.apk,5184,89995,62268,236239,130762,52765,37,0,0,0,1573,31,56,1333,0,97,12,126,3640,benign
4,1,0,3.8577099890333026,0,4175925,6,1,0,A71CAA4C04A86C15F13CF1F176C6EA3621C23F7C4493FE1DFEA23663423FCABC.apk,1146,15415,12130,53741,19831,11178,3,0,0,0,221,1,9,24,0,26,0,38,133,benign
29,7,0,3.555533151426996,0,37170354,34,15,6,A4760C3D47B5F4530D930692BB192AE58BC2B82EEBA95940FD9923CE5D133B0E.apk,5971,68829,52300,209265,108258,52175,29,2,0,0,1708,53,29,2073,0,56,0,135,4288,benign
6,4,0,3.821928094887362,0,811803,1,0,1,00CF02FF61191858450529CAA57AD49E88011E71CED36683733F5FAF79BB95E2.apk,50,2041,741,3527,700,675,0,0,0,0,31,0,3,0,0,0,0,0,8,benign
7,0,0,3.935935796218897,0,6077087,17,7,9,F1267FC605EA5C05D0703AB6DFACCAA71C63E85000ED07BB405E14F0B7B3E5C4.apk,2286,32596,27746,88543,43545,29451,3,0,0,0,326,9,32,245,0,38,0,81,457,benign
25,1,0,3.6572682296173897,0,136215494,7,16,13,0869F9D57C61DE0BC74712C64B250986C856AB7D7B06B05CBCF8DBC691B4C36A.apk,2318,22676,18690,80106,38890,17875,3,0,0,0,677,3,14,215,0,28,0,63,216,benign
9,1,0,3.772055208874201,0,14128209,27,9,4,EE3A87DF2B5CF92B6556400B94589D09C438055A57866E2B482E6835C5EF2F70.apk,5938,56836,46115,184528,94501,50451,3,0,0,0,1114,11,9,1712,0,10,1,95,6329,benign
17,5,0,3.8502090290998967,1,32567767,50,16,12,5A0B11B1E65163EB3999598A394260B53638338687AE86CD2020D5FCBF91F24B.apk,2455,41047,29347,129354,41899,25436,45,0,0,0,515,11,23,2028,0,36,4,57,454,benign
11,1,0,3.5875986337223496,0,9828462,18,5,6,619288595654D9BAC31ABEA6280DFFA2410EB7FBCAB31B9E2A51A01222A4C0BB.apk,5629,19952,17617,73237,34359,14956,3,0,0,0,184,10,20,207,0,26,0,59,148,benign
13,4,0,3.748328660365574,0,4098528,23,15,13,565698DCC13BAE1852813C999303FC8DC81F1C63F75130560A482B29419CA483.apk,2361,26950,21434,88488,38957,21224,3,0,0,0,189,8,21,327,0,25,11,59,159,benign
26,7,0,3.9001530166977125,0,28091421,159,17,19,560582AE4866C684F91CAF7BF46284D160D3FDF701CE84E0580A9DDA598724B9.apk,15791,49533,41630,179037,101794,43000,5,0,0,0,690,20,22,1239,0,86,11,81,1966,benign
8,3,0,3.869331261111519,0,3759739,5,1,2,20872FF66F54D190E1EE5F3671701054BD0EDDD125412A0D30293E3C3964044A.apk,5435,19335,13167,69510,30090,18058,13,0,0,0,87,0,9,27,0,2,0,24,89,benign
14,6,0,3.6732696895151076,0,4607819,13,3,1,86D5E04E40166E19DEB0262B72B38CCDB2074F47CAFAF45792CFE7150A3C3306.apk,2185,13804,13444,60845,17808,13760,3,0,0,0,318,4,5,2734,0,8,0,59,201,benign
3,0,0,3.8459415653387197,0,1916863,5,0,0,F84F3FB3F43E02DC6C92171987FF3B63E3BB8A92ED26AE88CD2BC2C44756716C.apk,3674,5293,3656,22966,7374,6283,2,0,0,0,11,0,2,180,0,4,0,7,34,benign
17,0,0,3.323231428797621,0,7850478,93,5,3,E26340FBFCFF5632CD45E20EE9A899601D242A132E6B8A14710385D0390C98B0.apk,8724,22243,17656,91079,31287,18626,3,0,0,0,112,4,8,79,0,24,0,18,77,benign
13,4,0,3.8667292966721747,0,15817624,64,29,17,B930A453486FAA3CECC9AB3F6ADABCFF3D9498DC5A6CB22FCDFC7A1DBA00DBD9.apk,4546,42938,36273,157834,62934,36696,3,0,0,0,1331,7,29,764,0,14,1,119,1786,benign
27,7,0,3.506890595608518,1,9777069,74,6,2,2CF06DE6C30CD3FEE5FA906BA500F3E77FC7DE9DA8953F4E18D9BC55AEA415B5.apk,8266,0,25277,112369,44279,26755,24,9,1,0,369,28,54,1185,0,21,1,48,396,benign
12,3,0,4.0141467614227295,0,8856369,19,10,8,486D4EB40EF5F989AC87F6860B449ABB49C73D8C10E522F889EA241A7B6264A0.apk,4259,36941,30102,126851,57673,30954,7,0,0,0,638,3,18,114,0,31,0,90,1354,benign
3,0,0,3.7081320646586025,0,3872756,2,0,0,E2ADD59144170F4BC38837661BF7F819CE628997D62D656AA26178ACEC4863D2.apk,1809,12396,10286,48490,20518,12038,3,0,0,0,158,1,9,23,0,26,0,46,149,benign
15,6,0,3.8391081341821707,0,12231656,52,9,3,605847DBDBFBA0CFC117B562366C65E4E81CBB5B42C9C00F29FE6E95F7AE45FB.apk,5182,61122,55448,201357,104338,42904,8,0,0,0,1242,15,25,1958,0,42,0,101,391,benign
12,2,0,3.8195488277869583,1,31709674,1,11,10,1DC738EA86B511C532DB12F7F04A365B8D66568F74DCF641CBA0706CAC9E99B5.apk,14301,64901,54985,214931,108744,45768,45,0,0,0,1112,15,12,2108,0,26,1,82,4255,benign
3,0,0,3.8678583082175235,0,5822107,3,3,2,EDD4F26DABD8F7FC8566D5342AE047CD6D793EFE54FD8D6E7C6F0BFF9068F0C4.apk,1980,19630,14880,58937,31675,16258,5,0,0,0,448,1,3,977,0,14,1,47,2799,benign
6,2,0,4.057476076289931,1,39406391,16,1,0,F896B1EBE707803A7C81EF291917D06EBABB17BF09030883DD1D74ADE2BF88BA.apk,5070,29885,14404,67340,33283,16709,7,0,0,0,984,1,17,36,0,2,0,19,85,benign
9,2,0,4.028445159431229,0,15605876,9,4,3,BB679245F2714ABEC1A084F3BDE920A17FF4A2C7B2DCC86CDAFB557DF22830C9.apk,1985,15872,12776,64266,24162,14001,3,0,0,0,208,1,11,346,0,26,0,62,195,benign
13,2,0,3.5220552088742005,0,24199969,15,6,9,388BD393769944AC044092CFFBAC8F849D2B5AE720E9FC5186EB6BFB22EE12BB.apk,5056,55488,42655,162478,88951,41417,17,0,0,0,908,13,32,849,0,52,0,102,4457,benign
7,2,0,3.6424346494648048,1,11761294,2,0,0,0B45AADF09EA8F1DAE767B8F4DB89A09B57A810B47F9C9A56ACD4C91459EB469.apk,1821,5019,4502,28392,6012,7898,3,0,0,0,58,0,0,19,0,0,0,40,94,benign
11,1,0,3.238901256602631,1,11078661,4,3,5,AA4D2C64A7AF51C068CF187A05652F639C219246113186D21ECE2AE5CA78EB1D.apk,14743,17546,17210,83913,22530,26996,6,0,0,0,106,14,13,398,0,20,0,73,160,benign
7,0,0,3.4585250192341497,0,33400274,15,9,9,92CC62F955F62BE5310274E562F364A070DA3244730D11017CB40C462D9F9F57.apk,9890,27336,27686,113610,47834,25545,5,0,0,0,834,6,16,179,0,34,0,70,236,benign
7,0,0,4.173416585305444,0,35620630,7,5,7,F852A8A9EBB2C485110442603BA51584B94FA8C40323E5CD9A894DCE13BF9AEC.apk,842,13481,11274,34659,25417,7249,2,0,0,0,189,4,13,34,0,30,0,18,352,benign
41,7,0,3.381580488309164,0,12427327,16,10,8,438611F6D4104C593B402656E590F6D4E3800A5DF028055D66704895DD89E511.apk,2774,26234,22578,95626,32081,21356,4,0,1,0,404,12,17,1693,0,0,0,61,394,benign
7,3,0,3.672905595320056,0,3515342,32,19,1,36C453EDBBC39F68E6A1C9CACACDE433F7B7C357374C07A5577CBB23541C6A3C.apk,4326,12213,6734,42611,15824,8533,0,0,0,0,128,0,9,7,0,2,0,4,33,benign
17,6,0,3.6551351222687622,0,9967533,35,4,2,670A88AFEFDACCEC7AE1781D0EE25960D07CCC560E4E2349FD33021A448BB6FE.apk,7389,32210,23520,109158,41470,27669,13,0,0,0,229,5,24,281,0,2,0,61,156,benign
9,1,0,4.852855596281597,0,11865488,6,0,0,72CD558D0D97B8C8A20BC246107350EE30E824F84659F2055B6D13D11E8D0D67.apk,147,573,1189,5891,1585,574,0,0,0,0,5,0,0,0,0,0,0,0,0,benign
9,5,0,3.5,0,4757678,7,2,0,A134D637E141E4B3D1BB05E3F14ECEEBE10F9AA8AB1C46CAB29369CF4AAAF50D.apk,1899,11681,11127,50706,17838,14336,7,0,0,0,67,1,4,63,0,2,0,39,153,benign
8,2,0,3.4830741894285686,0,11680056,46,7,7,EFDF51316500B53E2BC4DBD56611089FE6E186A96564BFF19566B4704CD92174.apk,7034,28216,15036,82749,30274,18080,4,0,0,0,195,11,34,113,0,10,0,22,97,benign
3,0,0,3.3787834934861767,0,8781502,11,1,2,A9B124E58339E9C8502091376DD4E1EFAB288EB8168C71AC6AC6A241C7F5D751.apk,2700,9875,8122,34066,12368,10564,8,0,0,0,49,2,2,1,0,0,0,46,229,benign
38,8,0,2.521928094887362,1,51871080,106,23,14,339F82F14C3F57748362608E0B767603D9ECAFB763F37DDB60EC9C445178A2B1.apk,4037,75886,43475,191752,81172,39558,103,11,0,0,1444,40,83,1737,0,87,0,136,783,benign
18,4,0,3.736006946447657,0,26519007,77,15,14,CCD3E1535771ADEA0B810C5AE9FBD0B096C23EFB9532F9D346E41498650AC2AE.apk,22972,68338,64354,266840,120646,60960,8,0,1,0,1451,21,44,1433,0,55,1,127,2925,benign
33,2,0,4.080728924605889,0,18888058,27,18,15,E0CE57D9534E67E46465ED410228DD201811A3B77D73366668B10286C491BA65.apk,6078,59153,45583,182677,98769,48039,7,0,0,0,1014,6,30,156,0,46,0,115,3752,benign
3,0,0,4.095795255000933,1,16529630,2,0,0,8830BCC7D6C9F1566ACAE571E9896738C5256BE64F0A3F6B3055DA8D22970FEC.apk,1441,12691,11439,41544,24996,8990,0,0,0,0,340,1,9,53,0,26,0,38,134,benign
2,0,0,4.363521032323434,0,1831375,2,0,0,AE6942421AB1B8EE1798AD8152D67CB0D0FA7FAC329F6B524C822F92DC3D8BEA.apk,886,10357,7369,31888,14936,6922,0,0,0,0,97,1,13,25,0,26,0,22,98,benign
25,4,0,3.663532754804254,0,45673741,16,13,11,67F99EDB6C783C1A2ABED94B6DEE69E69913DEF725567B0FA933939A37115675.apk,15410,73728,55053,200651,111207,50286,18,0,0,0,951,23,34,845,0,80,0,66,2193,benign
20,6,0,3.7970421653407156,1,27957103,52,9,6,AB38692EB1202AA485C4BE7025B9F3AA9FD9ACC5753D47FC4D953568BAC0BF7A.apk,4783,20503,14528,64933,24401,18283,4,0,0,0,298,3,19,59,0,0,0,42,159,benign
34,5,0,3.708132064658602,0,11360152,9,15,8,D8BA33582337E8665305DF1F798ED0D597FF8D46776ED14FF4A1BCA49C3D6935.apk,9343,36442,23189,107878,39683,24825,5,0,1,0,324,19,15,1073,0,2,0,58,408,benign
5,2,0,3.8136606896881853,0,2738836,6,2,0,3548CC52934658598A1856387F34249F2AC404FE5602C5AEAE501306C18AD7DD.apk,911,17396,12565,59433,17437,13173,10,0,0,0,74,3,5,393,0,18,1,36,279,benign
6,2,0,3.8614992310092955,0,4291480,7,2,1,808119D9893CD745F3DB48D00FDF177192471BA18ABA4B3EDA7EADAFFFC48FFA.apk,4374,17536,10957,53131,24218,13207,7,0,0,0,131,0,13,22,0,2,0,14,46,benign
7,4,0,3.702819531114783,0,176193,35,0,0,EFC66DEADB02532BB9C9B396D32182A869869E164CC8668A1C20CC5AD846CEE4.apk,0,1953,515,3359,375,128,0,0,0,0,12,0,0,0,0,0,0,0,0,benign
27,1,0,4.243292944345651,0,5780452,12,11,5,9A81F17E421B8D46DADDFC1C02D09F1D4C08CB81959B80B3A7E3157E06D441BF.apk,2754,20752,20263,83839,34104,19898,3,0,0,0,327,6,24,742,0,34,0,74,240,benign
31,8,0,3.3320953986601696,0,13669632,23,21,10,890502CF2E9AC5CD568C5DBF18F617C98E463B8FC717E473F558123907592BBF.apk,4553,38250,37974,213679,83931,47215,36,0,2,0,423,21,16,1159,0,21,0,65,298,benign
29,7,0,3.8150610122030693,0,132580749,366,21,15,2562AD7581F0502F50F5E4C1AD785636B414CBBEE0EABCC47EB4C8366BFB0CAE.apk,65523,204141,176535,659901,553912,156848,38,1,2,0,2108,31,31,1368,0,61,0,268,25124,benign
7,0,0,4.025920165587641,0,28566478,19,3,0,8EE3AEDFCDC5221DF73AEFE46ECC464E2AC38EB58AA7D0C70BE18458142AC94B.apk,2854,41298,26950,106325,58892,27415,2,0,0,0,426,10,21,54,0,25,1,38,2861,benign
9,1,0,3.6339740759971577,0,5341734,1,2,3,E73AE293B0686F225B544F62FC24345B2EF3D3CFEE43E1F1AE0C1F88BB9D2538.apk,1106,7499,3676,15347,4956,4388,0,0,0,0,83,0,3,36,0,2,0,3,12,benign
9,1,0,3.4547012441673464,0,4312748,9,5,3,583F2D26A12EFD42ACCAE21E99617BC592BEB78DF5F85C36499D66A30D550824.apk,1671,12601,9023,49796,15344,10864,3,0,0,0,68,6,7,402,0,2,0,52,123,benign
7,2,0,3.8561962982193805,0,7269121,6,4,5,793C4E4A3F52B44815DE3604D74508D95F4BA654B686F4575B4599B415F8DC4E.apk,3605,11363,11012,50072,16723,13490,9,0,0,0,189,7,7,68,0,2,0,29,94,benign
6,0,0,3.8001821971347023,0,52789601,10,4,9,B687A35C5147DCD41B3F44B4FF9ECCFC02ACA096418CFC5187EDD3586C3EBA68.apk,2443,32361,23818,79443,53948,21926,2,0,0,0,528,4,20,109,0,34,1,48,2874,benign
1,0,0,3.744203568311812,0,4399139,1,2,0,FF59522E66B6F1985D366855940488858971FEA2FB00F1E3CFFBD3047101D666.apk,8134,22024,15209,70379,43201,19840,4,0,0,0,363,1,0,13,0,0,0,70,3777,benign
44,8,0,3.18136632889146,1,60727923,151,22,10,F6EE95B97018043E0687CBD9E790F3DE3F8108D8C5573102FC382CA626898A03.apk,5809,100161,68891,287035,120946,61999,37,7,3,0,1062,72,59,2304,0,81,4,119,1579,benign
16,0,0,3.751629167387823,0,28324731,38,11,13,26232E061988CEDF7DA1F09221810878A67D50F5A3CF26490B0BC869FCA9F20E.apk,22642,113484,71985,286349,176952,63989,9,0,0,0,1639,37,43,1085,0,72,0,123,9094,benign
0,0,0,3.299896391167891,0,2916797,3,0,0,DF40A9A1C44349DF022CE4D433A0FE341373A400CD37DB88753AB0FD33D80FC5.apk,51,145,78,620,116,146,0,0,0,0,0,0,0,0,0,0,0,0,0,benign
15,7,0,3.323074189428569,0,12568524,11,7,4,B668E9DBE1812BA4E178AFF9735C1F36EA7FE1428BF178006871C80C4DBBA5DA.apk,12464,41900,35474,128627,65937,31677,3,0,0,0,1065,29,12,1767,0,10,1,105,2910,benign
16,3,0,2.9990795706241746,0,12713645,33,15,18,C03B04DC03F82B56E0F9AC844DA41C241996540C7E6FCCCF6798DA7D40532E42.apk,4303,63614,45966,193541,97416,41434,22,0,0,0,702,20,34,829,0,33,1,90,2008,benign
3,2,0,3.558518613048906,1,2381092,1,0,0,4C233B92C4FAB4BBD469597EA294A3864499EF8F3A8DED5DC219D991178064F5.apk,294,1396,1014,5579,1297,1233,0,0,0,0,37,0,5,37,0,0,0,4,7,benign
3,1,0,4.0198790750512865,1,10099875,6,1,1,ABE025E34C5080FC0E01D912E87068FCE0AABDE9735B3A81314F0BB87F3DDB9C.apk,2068,7375,7134,31038,12546,9295,0,0,0,0,212,3,9,22,0,2,0,10,96,benign
4,2,0,3.9549868557726673,1,2098170,2,0,0,F63CCE8CC3B65B6DDACB5056936CB475597C20E47BED691569EA88070BBFEA36.apk,2356,10604,6501,30424,12521,7363,29,0,0,0,56,1,4,80,0,12,0,8,32,benign
13,4,0,3.526129815595918,1,31916297,40,20,3,27ABAFBA420D673D9AB32B2C224AB01DD378E60D7C3B0690F6ABC908B0FA0661.apk,2268,21773,16423,85601,26314,18444,4,0,0,0,119,7,6,230,0,0,0,42,125,benign
20,6,0,3.1279868068776753,1,19323517,65,14,5,C13927B212830235ADB807937DFBDE755A196C07AAB14476B56338F3A9E1205B.apk,5434,55684,51602,193161,91514,47028,5,0,0,0,1170,19,23,3032,0,14,3,86,4351,benign
19,6,0,3.625,1,12705430,10,13,5,1262203E8E5EF1EA3AFFAD56EFE8E8FC33B2F705657339716EE7E5F2AD11E09D.apk,2256,22459,17748,92742,34386,18171,5,0,2,0,157,6,14,507,0,6,0,65,180,benign
22,8,0,3.9698593165633884,0,14021230,39,11,7,6EFFFF53371354E597E19F724D716B9C2B91C051E48073515468C753226CBBD0.apk,10543,41025,30104,139091,58923,38427,7,0,0,0,368,9,23,297,0,7,0,74,236,benign
19,3,0,3.822532752357148,0,20720206,42,7,2,7D5394FC9628DEFB2DC812C590A6ECA98B4EA8C8FB276BB85BC3EE1C1AEED73A.apk,11121,39857,34876,160356,58776,34215,15,0,2,0,937,24,18,1830,0,0,1,104,887,benign
28,6,0,3.375,0,36092461,227,40,25,A68B18DA514FFED55A6FF8A8AEDE32F6B04263FF785BF253C4523D85A9E59ACE.apk,7277,102791,72380,361175,139440,68732,13,0,0,0,775,29,36,2453,0,21,1,110,1769,benign
15,0,0,3.796217602590055,0,49376884,20,15,16,10A3B4B3E39E918E5E0F5EB1618AF32583598875C00D0D07FC66CDDC1E7DDA78.apk,4884,61324,50377,192748,101335,46876,7,0,0,0,698,21,39,383,0,68,11,124,1019,benign
11,2,0,4.060262039120378,1,5977105,3,4,4,6D09CDCC8B825977051B1A971A2E262CED8ABD29588B0D62C7D4C0724BCBC906.apk,2747,29134,21392,87278,43245,21010,8,0,0,0,640,18,18,1022,0,34,0,73,1830,benign
6,0,0,3.550340709546388,0,9941529,10,8,9,D81DAD1974235F1B4434DD044875B9C8CE0D7FD9B9C8A8AE767C3EFEB64A1925.apk,2346,26052,23210,86114,43172,20351,10,0,0,0,246,8,17,323,0,85,1,62,240,benign
3,1,0,3.787301737252941,1,11786752,2,0,0,BCE832967C65301B6472232A8838D3D36299A7AA909907DFC2F04119E7B7F95B.apk,829,2316,1223,5416,1814,1660,2,0,0,0,7,10,4,265,0,2,0,2,20,benign
18,3,0,3.414441303694973,0,31223796,62,18,13,00EEDE21F59AAA394BCA3FD2D57C1CB5F419109784B23E97E8064778CE26FABF.apk,19166,64023,52290,226774,104986,54460,12,0,0,19,1257,18,43,429,0,51,6,124,830,benign
25,6,0,3.501397825434103,0,32301159,224,40,23,07FD6DAE9E845766E87FC145733CBC760CE2E98191E4E22EE6FF7E54C27E333F.apk,7337,98346,70431,351470,129712,72197,11,0,0,0,693,29,39,2258,0,21,0,107,1484,benign
13,5,0,3.8300107733231896,0,7138414,32,3,7,A1EC1D13F6F87B9B4BB1E9220D85A356E689C821AF5EDE029223C85A784D0EFD.apk,8685,23152,18798,84548,31058,21253,2,0,0,0,239,7,22,243,0,6,0,28,146,benign
7,3,0,3.327819531114783,0,59923701,4,0,1,7FAC75674ED79C1F7301D08198947FCF081D78E4933EEF72C8265FEB57A18485.apk,3005,25493,21204,83902,42086,24015,8,0,1,0,686,15,8,1034,0,60,1,68,2726,benign
17,6,0,3.521640636343319,1,65750155,167,29,14,D7A18D48A6E5DBC3BBF2FA8D0027D014260839FB3D092C45DD9C2CBBB4618905.apk,4226,54586,39574,209201,63769,39439,12,0,0,0,391,20,30,1659,0,13,3,94,330,benign
4,3,0,3.1751231351134614,0,2560454,1,0,0,2035FAC9D15AE2EF04C7EA399BF2C92203CADE60901675D97C07E3BEF773B340.apk,557,5394,4326,18380,5536,3808,0,0,0,0,124,0,3,782,0,8,0,13,62,benign
16,5,0,4.185867302411999,1,20692720,57,21,5,D8FB8A8EA59D1AFE17AF05B7E1A388C28600358E98BFA3E986232D0601D173C1.apk,8400,76509,74232,265624,122033,61513,7,2,1,0,1570,21,33,3439,0,153,3,108,4372,benign
2,0,0,3.785355856633083,0,3508718,6,0,0,98CC1655BCCCEEF64F813995E425D2968F16755B9DB2A83829B79BAA00B5524B.apk,2892,11780,8891,41644,15122,11416,2,0,0,0,89,0,10,27,0,2,0,26,93,benign
10,4,0,3.6209360647507713,0,8916617,4,0,0,CC2A727072EAC53EF37A7F891243A26E74A427291D503B81E1F4BE5B394D00FE.apk,397,2620,2069,5661,1947,2115,0,0,0,0,66,0,5,8,0,0,0,0,4,benign
13,1,0,3.1898980954642875,1,86243027,38,10,12,696FB7050E5C6F0C2A120FBA5875D0B2E9EDE9BBC6616593236525307412713D.apk,18750,68920,50876,187557,119256,51929,8,0,0,0,543,20,27,1134,0,61,1,92,3504,benign
42,6,0,3.3908054820769813,0,61301835,42,22,23,51DE3B31DD8A77443E1C4F743227D1F2A859A46A9EB458CE5D9481BC8D41DDB9.apk,16587,176745,144300,501329,277836,122830,33,0,1,0,3145,46,57,4524,0,235,0,561,14493,benign
16,6,0,3.47135448701393,1,13474663,60,14,10,CCC85E8F0F9089DB5CCB9F19FF53714C88E4F6DAA5A8A13418518A50EDC83EE7.apk,3783,45465,37982,178980,55050,35426,7,0,0,0,1078,14,20,2707,0,10,1,69,248,benign
4,2,0,3.5032583347756456,0,1830624,3,0,1,9CED8AA4D0AE3B59346DF6745340F04D4955E474CDD8D174CE396FD20D339547.apk,2223,9042,5563,28577,11803,6723,7,0,0,0,60,0,4,67,0,2,0,5,19,benign
22,9,0,3.5465935642949384,1,19598995,80,3,1,6D041D0B20D311190C7FDB7B0488957191A7821BF2A2BDAD2159E73B7194C94E.apk,5300,27025,20298,97461,31666,22598,37,7,0,0,172,2,41,96,0,27,0,34,118,benign
1,1,0,3.5841837197791886,0,754425,3,0,0,CE13F606B32370AEE89A4A78FE834731F9805EA2364A220AAFB8085422155954.apk,3147,9422,3539,18950,21242,6489,1,0,0,0,42,0,0,0,0,10,0,2,8,benign
20,5,0,3.5156637223797875,0,30836241,68,15,11,E189B55347C5D874AA28D46BCCB559876888650A3590285304723791A0E96ABC.apk,8018,97887,73258,287831,146408,65534,3,0,0,0,837,27,43,1490,0,74,1,126,860,benign
45,6,0,3.6234651896016463,0,19391358,52,26,19,1E997983D79B7180FBDEDAA1AC3F0BCFD1CA5BFF9D4EE685405808D95B3030F5.apk,6135,76874,63219,237748,110388,51538,3,0,0,0,2056,31,48,2160,0,47,1,116,2054,benign
16,5,0,2.950212064914748,1,54615555,48,3,1,11ED38FD26F6977034E87BCEFB86DB39ED81F02246721066823CE30BBD94C51E.apk,8721,34545,24268,104252,38003,22824,13,0,0,0,248,18,3,259,0,10,0,61,209,benign
2,0,0,3.483491846500062,0,3269127,4,0,0,0176070E6AF54C7266CAA378538E335C7E78F3DBC967BAFEC517EB8F6EA2EE3F.apk,2089,10218,6934,30918,13387,8720,0,0,0,0,97,1,9,49,0,4,0,20,77,benign
34,6,0,3.6069367321753214,0,66131641,63,19,16,BE0F22EAF0D995DD2FC9FF44299AE59216A0287C3266C38AE13D8A5B9BD63750.apk,41133,164896,119961,472692,288673,115566,23,0,0,0,2697,43,79,3391,0,139,0,198,13363,benign
5,2,0,4.161978179679553,0,6893475,4,0,0,77DD24169054158CEC566ACBB5F3E1B823FB705A572A938B2A5A06D797E33CDA.apk,3470,15973,10371,44414,19091,11731,7,0,0,0,119,1,7,223,0,2,0,9,39,benign
3,0,0,4.208924987016684,1,59930988,7,0,0,671EAC891B4A84A1D17EC4262A88C0EAC7FCD28D50FBAB685FAB1B2318EF81CD.apk,178,1517,992,3903,1669,850,0,0,0,0,10,0,3,38,0,0,0,1,145,benign
5,2,0,4.069657210485733,0,62572655,3,0,0,9D4DFBBB7C2C2668E077F24DE0AF5386A0EF3BD126322B434E270CB35052FB3A.apk,1207,2281,2586,13774,4613,3488,4,0,0,0,13,1,0,0,0,0,0,28,110,benign
14,6,0,3.7359263506290326,0,18141394,2,2,4,C0102D19AD259AC15D2C875B3FC78103B2F9AFB6897926625ACBFBE478663863.apk,1645,7528,5477,23456,8797,6786,1,0,0,0,103,0,8,68,0,0,0,28,70,benign
10,0,0,3.722889862557338,0,11025780,8,10,7,9E6539B036F4D132BD1D2A52FFB39E5B7DF704A7A22F13EC7AC89071827C9A31.apk,3513,19754,14080,60947,27054,12897,8,0,0,0,247,6,11,4,0,0,0,43,591,benign
7,1,0,3.6635327548042547,0,3272107,2,6,8,25B4AF8BA956192847C60481EC1147247F1A4154DE2DBA0A1F21328FB0F8DDAD.apk,2202,15297,9657,45888,22235,12834,3,0,0,0,454,1,0,816,0,10,6,51,1585,benign
13,4,0,4.084225793917433,0,15854488,64,29,17,13799276A95726EA8BD69C0DF60C7BC0478E30E449EE7E41FF096E4751AF3155.apk,4546,42938,36273,157834,62934,36696,3,0,0,0,1331,7,29,764,0,14,1,119,1786,benign
29,3,0,3.690260390968384,1,30358548,57,18,10,F3DC8D8930D151E5EC00290EB4275855862E50AD99AE87C81B12811DA7035DC7.apk,8083,91586,71560,243519,119071,60284,17,2,1,0,1776,11,45,2564,0,179,1,133,3613,benign
11,0,0,4.000669905755763,0,6402447,7,8,10,980FA46D84BE705E5142B8CB876B458DE869467246B80F33DC2096185153BC35.apk,8557,26794,24515,83247,33904,26543,5,0,0,0,297,7,14,52,0,45,0,61,311,benign
3,2,0,3.323934896284056,0,5980784,3,0,0,AFDECBB3AB71D5F0430C7BA39E967090ACF45D2236447FE713DD666BDA5D7650.apk,521,3994,3367,17204,3825,3340,0,0,0,0,69,0,6,21,0,0,0,13,40,benign
32,9,0,3.5,0,10258960,18,24,18,D58B93297875410319621F8CB68B56A50369CDFA368A670B94E74327680295BB.apk,11403,31428,28175,111767,45247,31113,99,0,0,0,422,21,17,940,0,6,0,73,426,benign
24,4,0,3.8820451081368628,0,49093994,15,16,6,F4ABF8EFD308542BCD0B741463A966356D0191C16D0CF696A633DAC1E122B7B7.apk,25412,66133,63370,225476,124559,59304,5,0,0,0,731,13,23,1001,0,116,0,125,4385,benign
7,5,0,3.337175341123077,1,40605762,2,0,0,31C5C7CD55817A39E9DEE28461D0A2F01D2D48AEB11C67F529DAFCAFE02988A5.apk,310,1931,1946,6823,3177,1538,0,0,0,0,4,0,1,60,0,0,0,14,47,benign
11,4,0,3.5585186130489057,0,9758212,40,8,4,F6728F07A76B0742E3D5EF241F54151817A8B4874ECBA9E26D8E7FC583E6315E.apk,5390,23246,15679,88738,21546,16509,9,0,0,0,476,8,21,107,0,4,0,52,141,benign
8,2,0,3.821759674244168,0,9164732,7,1,1,0154B435F4AF9941056429D379D1822857FD43D5BAA800BFB7037AA07A390F03.apk,3821,28017,23928,96180,50545,26695,3,0,0,0,419,3,19,754,0,44,1,72,1720,benign
5,2,0,2.087462841250339,1,10763067,2,0,0,0D41720C0DCD0A87F36D0D45EF81B26F0AB253F9701E680A0AFCAC852B485D0E.apk,3,278,137,695,228,158,0,0,0,0,0,0,0,0,0,0,0,0,0,benign
10,4,0,2.8385668472672974,1,8927896,11,6,5,0CDF56F7E62A2E1797AAB3E476051B8DA4CCFA4FC4F0BCB2063CAC565DABB927.apk,3645,28963,25749,95278,46823,24966,8,0,0,0,556,11,7,875,0,8,1,79,1677,benign
6,0,0,3.7606205443099605,0,43983304,3,5,8,CA9E2EE46B56A6116C0D251F5D0255DD797ABB80894336ADCCC50875911B114D.apk,1140,14652,13059,41563,24271,11258,4,0,0,0,155,2,10,91,0,29,0,23,114,benign
9,3,0,4.173557262275185,1,50250132,47,11,7,C48623A7025DF195E7CB40CA697D5565B9ADEF906DFE7503EE8B63F3970DE495.apk,7093,37211,23357,97419,41612,25445,2,0,0,0,528,12,55,715,0,36,0,54,229,benign
10,2,0,3.6978458230844122,0,159154315,17,2,4,B74FAA828C25BFA953D30759010CC01173945BFB047A9C0964F91732F097F51D.apk,5074,34984,40045,124405,50303,25765,3,0,0,0,219,8,16,203,0,130,0,81,231,benign
9,2,0,3.788754913993502,0,34379884,28,6,8,1E24878B4876C3AC8B8D914DDCD5C2D5E24478BAF0E35B3450C692A7BF2E0F03.apk,3057,41198,33393,127588,61222,27158,3,0,0,0,765,9,28,1355,0,36,0,74,449,benign
38,11,0,2.8423709931771093,1,27335826,246,10,8,A34C48EA6408628C89C35E21E87A157D399BB762F4BBB475E3DC5FA188B03FC5.apk,3935,26828,22953,91402,42044,15749,2,0,3,1,236,16,7,697,0,56,0,14,81,benign
4,2,0,3.5220552088742005,0,6009650,8,0,0,2403A21DB8CF1B08F2822587C666CBDDCE6C5BF27F9F50999912FF0F7FCBA492.apk,173,2188,918,4133,1233,676,6,0,0,0,17,0,9,28,0,2,0,0,1,benign
2,0,0,3.8279097821439705,0,442071,6,0,0,03D87A9C0BC22E3EE542F74B85B456F43C4F70CCC19FCA121C7BDA75481D0C5F.apk,74,637,332,1339,349,201,4,0,0,0,8,0,6,0,0,0,0,2,2,benign
35,5,0,4.5780883079127035,0,56102334,3,3,6,4327BB5F3D034F12CBD43718C0DA39D2BC049A6648931EBB6BAC96D1B26BBDCA.apk,2310,22345,20184,90132,18579,18714,1,0,0,0,899,0,14,1439,0,30,0,32,254,benign
16,4,0,4.221928094887362,1,37548040,45,19,7,8DC4283369EA30B7558280C6D890D65896D2F396B12D01E3F04D04BBFACE9093.apk,13883,57671,43245,188271,74159,39763,16,0,0,0,1094,23,57,1645,1,36,4,100,1207,benign
30,2,0,3.9917292966721747,0,7025912,5,5,3,6815D560A2070AF880046284432C24E85B1D2A08E8A45C2BB955FA4833B46A50.apk,7846,47789,32662,101338,80184,28600,6,0,0,0,799,29,11,1530,0,12,0,109,5944,benign
16,3,0,3.9723621183589928,0,14012979,37,17,11,FBFD6DC1B8DCBBCF97A3D17B0895F39B81B4B49199F4575EB68E302B25E1D3C2.apk,3955,55836,43213,165593,70595,41895,2,0,0,0,713,11,41,856,0,63,0,89,326,benign
13,4,0,3.468576629687865,0,5796277,46,8,3,CD669846A509FE2C648AD4512952FB8AA4D861DB358242DF6D69D59DFACF53D2.apk,6896,21376,14423,70709,28365,17754,11,2,0,0,215,4,11,17,0,4,0,23,89,benign
34,6,0,3.8589572866686432,1,38106085,9,8,10,4A748949F27D8E23AFAFD42AE58E631D9F4B17D65BF5CECEBEAF0796FDFEA8F3.apk,3363,13232,9886,48004,15400,13625,3,0,0,0,107,1,5,58,0,2,0,52,128,benign
8,3,0,3.8100810205217304,0,8964337,30,3,0,964CD95CE3DA144832F2F2048AA5C34BBB37ED55A663C5FBE36E5502B1BEE43E.apk,2173,39687,26136,120076,42667,21989,3,0,0,0,580,10,148,89,0,28,0,50,162,benign
15,6,0,3.238901256602631,1,7720664,29,9,4,8DA624CFE81A02DE862B7AF6463299F2054709A21562980EC322D9D63C7F2711.apk,1915,18344,15410,79095,26001,15300,8,0,0,0,355,5,9,884,0,8,0,65,200,benign
8,3,0,3.522055208874201,1,27733076,67,9,4,6417DA29F00FB34EF337881E8AA39A70292EF54AC0B35C25EC96FDCF636C2B57.apk,3174,23851,19246,92574,28972,21578,3,0,1,0,264,3,9,880,0,18,0,54,170,benign
37,4,0,3.2390979179887864,0,23026222,6,15,7,0BDFAEA1608723907906DCC402B3C7672DFA09F7AC9B960EE44243CE68D63573.apk,16223,60662,48115,190607,110333,44984,8,0,2,0,1244,28,28,1534,0,101,0,123,3194,benign
7,2,0,3.3082708345352603,1,9642592,5,9,5,487A514390A6EB445E43C31B8159084CD3FDBE744EBA069A5087472D7198BC3E.apk,2771,34299,34372,132228,68475,28440,3,0,0,0,923,12,20,1488,0,19,0,66,295,benign
7,0,0,3.377278130987436,0,4456284,13,2,0,70AB0DCA3ADCA3264F243F6C4050A48195C590E21A8ABA1ABBE217192F74753F.apk,8067,21564,14237,69174,37114,18515,9,0,0,0,212,3,2,22,0,0,0,66,2958,benign
9,4,0,3.350209029099897,0,8786703,18,5,0,BB86E5181AEC9E4452512D0E2C3181FED29D53544A99D0F237C5FDEE8D071B6C.apk,5694,23743,15428,77895,33487,19255,6,0,0,0,147,0,13,27,0,2,0,43,108,benign
9,3,0,3.3371753411230776,0,6466090,9,4,3,FF3E688D3B51C1994624B6AD4AD6F0D0AC5CA79ADF25A429FDD01EF86E630068.apk,3150,29137,27311,112545,52637,26264,3,0,0,0,719,6,3,1371,0,16,4,72,1365,benign
6,0,0,3.4332696895151082,1,8521437,9,11,4,3048E3A8AB2FE5EADED24A0F4A4D898C8C29610150E36ACE564CA552F539D692.apk,3297,27185,24007,103250,42509,23880,3,0,0,0,271,6,20,942,0,44,0,62,216,benign
8,4,0,3.7495742419887397,0,7902330,13,3,1,53B17AFA754FED63161D6EFDF45C17662B2FE87A08A8A3640416AAE264519D60.apk,106352,0,28704,97984,39602,35830,6,0,0,0,486,7,60,138,0,42,0,272,541,benign
12,0,0,3.4841837197791885,0,16891071,9,13,5,7C1F45C597026322ACC57F4D97E17360F97FEAC922A758E99D9553D53D9BD73A.apk,8082,42235,30372,120302,55829,31539,11,0,0,0,495,36,17,691,0,2,0,74,1186,benign
16,6,0,3.375,1,45938575,58,10,5,D6F1422C753040FB96AB0AEE249DA36B4E568DCAFFAFA1557C4A9C7FD588D0D3.apk,4836,52505,45931,199672,76031,43330,18,0,0,0,990,16,30,1254,0,12,1,89,1796,benign
53,8,0,3.5,0,25744238,43,33,25,0644FB5A24B75F2AA5CC1DD7403928BFE3443A5C6A80C6D58CAB29A151E56127.apk,14161,154553,141734,742600,284815,92376,12,0,0,0,2454,34,40,2527,0,83,3,185,11498,benign
7,3,0,3.9500637564362093,0,3905468,7,4,5,E6A30A1CA8AE0973DFB96D104C434A334D55F7166BB39735A668C35AE1A2804E.apk,3921,16266,11970,63778,27054,15648,7,0,0,0,85,0,6,642,0,2,0,13,44,benign
3,1,0,3.1262363105848148,0,7716108,11,2,0,4CABBB08A4C2AC0956909BD5FEE37120F443C0AE7ED9904C0386F90C3D91AA15.apk,1879,14171,12520,60302,18768,13639,3,0,0,0,206,1,9,702,0,34,0,58,179,benign
7,2,0,3.753269689515107,1,14816542,4,0,0,4711DF5F6FED03C06DCE1957E59128A5DCD8AA9AF5F826E93A529B74A2F06669.apk,2773,14284,8882,51382,12326,13422,3,0,0,0,144,25,7,1362,0,0,0,48,137,benign
9,5,0,3.8488846166291197,0,1095755,2,0,0,5F33BAF6B55B45BFE4D55D8B6733069D05399A7A3D43ECC8FB88262E124180B5.apk,125,3054,2288,9555,3457,2080,3,0,0,0,24,0,0,0,0,0,0,5,46,benign
2,0,0,3.572469458770136,1,31210213,5,1,0,EBB3FE1A4609289F6B73078EF897804C32DF63647A0ACDE46AEE6F25CE995E7E.apk,3146,11342,9668,34636,20273,11996,0,0,0,0,86,1,8,84,0,28,0,20,79,benign
5,0,0,4.057476076289932,0,7204182,11,10,5,A325F2A829E7E8960417B028EAF0FA7A57127FB925DD9CDEE4D725F38FE5D098.apk,2371,28370,26326,107607,49444,25088,16,0,0,0,354,3,16,209,0,29,0,71,191,benign
16,7,0,3.8518232255517657,1,5672666,18,2,1,7CC565720665B15B6C08FF8276CA0FCB810C6AC91B3D2F0E29A94B346D9FB774.apk,1686,8468,4298,19905,6671,4261,7,3,2,0,124,1,1,194,0,4,0,6,34,benign
27,1,0,3.9907054736852356,0,5971338,22,33,7,23AB864C0CE3F84196260192B8E3D4229906F4FA9940927CD1A16DC81F4AB428.apk,2163,24321,18796,81838,36641,16553,3,0,0,0,218,5,24,37,0,30,0,60,173,benign
3,0,0,4.140447987839137,1,74839238,6,0,0,8B3AE397B44EED6230C691DD68071B1EC8F10AC3A5425585F8D1647782F703C8.apk,1107,12508,8571,28280,24621,9258,2,0,0,0,176,1,3,19,0,0,1,29,2758,benign
21,8,0,2.4692407821722844,1,57768363,14,10,15,A1D84F38DC5148A0512486DE32D30C3C96585C401FFFA84CA97147ADC22190B3.apk,8696,95758,71781,294841,157367,68756,30,0,0,0,1682,23,60,1051,0,66,0,144,6320,benign
6,1,0,3.25,0,4694428,5,2,3,50AFB4DFEED46BACFE536173968C17C07F30E564BA31B19CC2BDFE22B0C33A39.apk,3806,13110,10998,54916,15476,15013,2,0,0,0,126,0,5,47,0,0,0,33,107,benign
46,12,0,3.2516291673878226,1,23161164,168,5,8,AC944F0B31980BBEBC0317626000281362A5453F5C86EDC838E1A464BF3F1211.apk,9449,57249,40330,170473,53524,40236,42,9,2,0,729,14,38,750,0,62,0,64,224,benign
11,2,0,3.4713544870139303,1,36436955,24,4,2,2ECEA9165AC4B0236EA8CE67E1E2877C83D7DC3D3CB4EA5405C5577B82D3D3C9.apk,2881,25047,24366,111294,35177,22060,4,0,0,0,907,12,10,826,0,0,0,62,222,benign
30,2,0,3.3082708345352603,0,18438525,29,12,4,6AD8B7D7AB96CD9D9CB0A549E1C4616268997BD554C974B5065A532CC7DFF0E3.apk,6845,59803,50535,193360,110166,50425,7,0,0,0,1432,11,22,4442,0,58,0,107,4367,benign
25,9,0,3.4316235658474317,0,8078471,13,17,10,6382DC5B3938334A98B6AD81BB1557F2D9E44208619197625F1177A0CE0FC079.apk,8219,43635,30971,125737,45471,21067,5,0,0,0,358,5,34,1106,0,80,0,44,188,benign
18,0,0,3.675310868912364,0,78086382,121,15,18,292B095469B58A914E3A3152030F38BA67354B669472233E857506B7F4B00CC4.apk,67517,285504,197097,795672,473753,197818,32,0,0,0,4453,98,124,4865,1,157,1,259,20081,benign
45,4,0,3.1709505944546685,0,89477757,62,31,13,D8A82991372A83D2FC3CA9999A749C3F11F0C8993F63C9ABB4946CED86A1DF6C.apk,7486,115208,69553,274391,141256,64857,89,0,0,0,1852,86,82,1977,0,67,6,303,4505,benign
10,2,0,3.3336606896881857,0,23948938,8,10,7,58462E11A0CEE971C6A0FEBD4790EA073E9709E02B4F43D9D12CA637985EA307.apk,2350,26191,21270,83838,38822,20885,7,0,0,0,246,1,14,635,0,30,0,56,189,benign
27,3,0,3.833663121159437,0,25665902,4,6,7,B82B8B00F9C1EA2F8E58562B63DD1047DDEF05720C43050B4ED59B556279FB94.apk,2205,11118,6148,34896,9900,9113,3,0,0,0,150,1,8,44,0,0,0,35,127,benign
12,0,0,4.195811804062318,1,74301832,56,13,12,91935BA74ACA441F619CA7BFDE64E20D71B435501ACBFE157884DF2E09F31F2F.apk,24673,131287,88038,348490,185213,75570,31,0,0,0,1787,55,58,1689,0,98,0,143,4688,benign
40,7,0,3.6360560861958224,0,36256277,10,16,17,529B4A16DA8AFCDE0524C4C82D384A7F879E382FEB8B4FD6B65A6B9C2369EA05.apk,18158,76003,50754,204808,98794,48976,16,0,1,0,1154,26,27,1811,0,70,1,126,3490,benign
35,2,0,4.18354236243323,0,10842255,24,21,19,4F9720AAE97E33A0D2944F95C74D733EE7C5BBC870CE09DB8C82AF9969376A56.apk,4636,51931,43429,163263,80390,40485,8,1,0,0,741,13,39,626,0,71,0,141,705,benign
11,1,0,3.484183719779189,0,6573622,6,9,6,0CDC626E83F81FC333F9E76DB14D9EB92FB0390EE1B2A8E66BA4A961EEA38B9D.apk,1839,18498,14965,61062,31507,13535,5,0,0,0,215,6,9,0,0,25,0,58,319,benign
16,2,0,3.5736606896881846,0,2229816,4,3,4,72705194405C61A4FEB36D44A2D6063E5C0187BB46277AD8252D39373AFE720C.apk,2108,8480,6347,30602,11107,8724,3,0,0,0,97,0,7,48,0,0,0,21,73,benign
2,0,0,4.057575159678481,0,5015067,8,0,0,C1F4F203D92F54DCEB7928B33A25083E2808034C66B870EA7988196E7F9B6D2F.apk,3622,15271,10310,50671,20294,13408,3,0,0,0,96,0,15,51,0,22,0,31,100,benign
8,1,0,4.330464394730847,0,3495686,1,1,1,B0116E4B1A46BC3525EBDA153B2388CB8864BC0FB22247379B13E311DC66B3C9.apk,2800,13393,7754,39292,16416,9066,8,0,0,0,74,0,10,74,0,2,0,12,35,benign
10,3,0,3.0823281368584303,1,74174094,10,2,3,CE9EDE74F8F47450D8AEA2C80BE480C8F450BC4FCF6798468DFD70563E7EFFD3.apk,3175,19322,16259,78091,31871,17529,3,0,0,0,331,6,12,217,0,26,0,70,197,benign
3,2,0,4.159592720140252,0,21639817,1,0,0,2D1C3FDD6C33919EBCECEE55A6AEEE22958F638A5AF5D6C2A469FB5308C46517.apk,34,699,329,1609,346,360,0,0,0,0,9,0,3,0,0,0,0,4,12,benign
28,10,0,3.7201755214643453,1,32635290,95,3,1,1E7ED172E1B9524A477110789B6D2BE6D985651E96CD634F96F12D8BDEB5459D.apk,8108,40845,18055,87209,26803,19618,12,2,1,11,456,16,41,566,0,18,0,24,105,benign
8,0,0,3.375,0,63564777,71,12,12,3D7764275A4ED8E6A5B9D03D5A98663094FFA48847BD58CF967EBA270A3FEA3E.apk,9102,146191,99598,393888,217156,95398,28,0,0,0,1959,52,85,2607,0,135,0,195,5102,benign
28,6,0,3.3927474104487847,0,36154045,232,40,25,8C1545473341F6E80BF54607950265EE3AE80C39520B3E359C5DDC958F8B8CCD.apk,7361,104653,73123,366431,142241,69709,13,0,0,0,775,29,36,2453,0,21,1,110,1799,benign
22,6,0,3.5110854081804286,0,9389131,11,10,10,15BCA0F243D405CFBE188DEEF36C00FD1F7584E9D05E811CBBED34495D862E96.apk,2889,32295,25565,91887,53067,21936,5,0,0,0,257,7,25,81,0,59,1,72,389,benign
2,0,0,3.085055102756477,1,9725139,3,0,0,AF1954FAF620964285517095B8852A1B7F83A3529D9E3550E0FC922EF6C83FB7.apk,7485,12349,10610,46701,14402,12676,0,0,0,0,90,9,7,155,0,2,0,21,77,benign
19,3,0,4.219528282299547,1,11697098,37,6,4,DEC8BA9715365B5BC3604DC0837F5C911EE5F6A907D6E7A4CA698FDD0CB00303.apk,2513,19947,13277,54955,18101,15676,12,1,1,0,283,9,12,298,0,11,1,21,181,benign
4,0,0,3.6550455468258036,1,14552434,6,5,10,908296D81A7D7A13EE05D881E31280427583A5F1DBE508244E39DAFFE37F935C.apk,1686,17363,15189,56226,31611,12926,26,0,0,0,596,15,11,115,0,32,2,43,167,benign
2,0,0,3.5724312513221195,0,3675526,3,0,0,84AA575474F0D2260F99A352F9A2BA0205875883A58E2871A9CF19A391826E50.apk,2026,9075,6526,27380,13197,8496,0,0,0,0,91,1,12,45,0,4,0,17,78,benign
6,2,0,3.82687488186464,0,31824082,5,0,0,6D6C62557E3F14695FBFAE1CC665292B0B7E7A20382C3E964D93AFDDD9559626.apk,48,461,222,1429,426,247,3,0,0,0,10,1,1,0,0,0,0,0,5,benign
9,2,0,3.6845608142862893,0,6108433,11,8,4,4B9EE9C9539D37EC1BAF3EABFA1108965347ECB29F3D853B253039F118410508.apk,9274,34779,26726,110037,58814,24470,3,0,0,0,584,5,12,986,0,14,3,86,1997,benign
7,2,0,3.6424896731661263,1,27797112,11,5,7,BEE4F3547514A408E9A30EEC203155B5394F2B68C964AAF669828C0A45447FC9.apk,9201,22740,23432,100402,40005,23292,3,0,0,0,594,4,17,113,0,29,0,66,213,benign
16,3,0,4.155045546825804,1,71820993,60,19,19,5BD97AA627A87B512CEFB7F735F87162673EA83FDC1B626AF40C1CE2D366AA6E.apk,23223,102689,74556,290436,155564,74113,29,2,0,0,1699,31,43,1992,2,31,1,137,7414,benign
27,1,0,3.8833374604210067,1,5551456,12,8,4,B2DA5531B73D642032B39E89C81E4D09CD4BBFF96DC044B4BA519939C26E6A69.apk,8715,15251,12595,60251,24077,17863,2,0,0,0,313,17,16,49,0,4,0,37,119,benign
26,0,0,3.641249800455479,0,10517629,7,15,14,17C59FB01761725EEEAA6913FCC83BFE1881CAE8E81A7968990820A0AAC78CBB.apk,3622,36171,28600,110344,54591,27980,7,0,1,0,942,16,14,1041,0,8,1,80,2785,benign
13,3,0,3.5566567074628233,0,14660057,14,0,0,41A9CC83892466DD37DAA7032F2AAD61FB70A7F283BBCAA409DD9EDE14DF2F21.apk,2390,22973,20909,93105,34717,21138,3,0,0,0,445,5,13,1040,0,33,0,76,297,benign
9,2,0,3.0957952550009344,0,4956801,16,8,3,C4B2C538ABD2F45238542BACA24E7A0AA80DDD26EE36E7C351CC1559F56C873F.apk,2211,21109,16811,73737,32522,17549,2,0,0,0,124,9,10,564,0,2,0,46,279,benign
7,0,0,3.8614992310092955,1,8059298,6,10,10,B73AC24FD06E87609118D153F560E2BED3BDB5B708BA5B9CA996617387747D51.apk,3300,40358,28905,105648,67327,30104,10,0,0,0,901,8,24,123,0,38,0,92,3646,benign
6,1,0,4.000432302535625,0,1066333,3,1,1,772BE157C409016D16AE4A3F8B0CB64D9F33CDA0F086A76FF3F7EFF2481D3AEC.apk,98,411,181,1136,268,217,0,0,0,0,5,0,2,3,0,0,0,0,1,benign
9,3,0,3.748994803525097,1,26793481,19,4,1,FB50FA10C33C55218383781DC652F2F7924A4AA4C8AFDD019757812349D06484.apk,8923,23607,16547,78312,26712,19818,9,3,1,0,332,3,19,438,0,4,0,38,142,benign
13,5,0,3.3787834934861767,0,20008111,100,9,6,D8F644F0AA94FCCADF51EB0A0F8238C9124EF3F5101FC0B666D027DB23AC8321.apk,3164,30487,24954,120647,43475,24198,3,0,0,0,366,8,11,1673,0,0,1,59,219,benign
1,0,0,2.8553885422075336,0,729655,1,0,0,7AB26BE87E21896B7A210912FDC3E08263F068452FF552DAFC3CACF7912736DE.apk,513,1200,1259,8280,1702,2061,0,0,0,0,37,0,0,21,0,0,0,7,17,benign
25,5,0,3.796217602590056,1,42941556,71,16,22,99DE92EEBCE0C0FDC6BF9971A4477018765A3307520806E28E8B951FF223EB38.apk,21134,69570,59325,255784,110202,68496,3,0,0,0,2356,24,38,503,0,51,0,100,544,benign
4,0,0,3.9861879650463043,1,39606236,8,0,0,3509ECE00B29ACA7CB3EFE105D8ED5624342E0AF2EEE562280F11DE3408D151D.apk,2630,11497,8265,35419,17405,11435,0,0,0,0,98,1,11,231,0,26,0,24,273,benign
11,3,0,3.452819531114783,0,8597719,14,5,3,8E3D792FE1795429CEF634F1D0880977F55B694A4869F1B59A0DCE0E8E16592E.apk,2207,17362,15164,63760,29004,14419,3,0,0,0,149,2,12,412,0,24,0,55,177,benign
28,8,0,3.572623663895164,0,22731534,49,18,11,2E6A25993D688185991BDBDA55A62C930E9E4C9C74371C43EF1D1DF3B69D98CD.apk,12726,120687,110694,401228,183972,87867,9,0,0,0,2438,29,43,4243,0,152,0,141,4458,benign
10,0,0,3.2359263506290334,0,11823675,44,13,12,ED0C825CDEB86E9427DD800AC98ACB710F51153245B0B8FBD11C840B7F19C3BE.apk,5848,73119,53463,201010,114621,51714,46,1,0,0,1227,26,47,692,0,55,3,89,3361,benign
5,3,0,3.9395722619867226,1,38298230,3,1,1,63893F4E4A08FF320704018AB4188606418FCA60685DC7D2EA8FA48F1991DCCB.apk,2435,10053,7970,37573,15173,10495,2,0,0,0,285,9,11,56,0,4,0,31,103,benign
0,0,0,3.8349625007211565,1,4825125,2,0,0,28361E8EF6F43A71A2ECCEA407106C36AFED6B4353115AEE29A7D2C8DAC35F4B.apk,668,5531,4607,12588,4397,3136,3,0,0,0,43,1,5,24,0,0,0,24,57,benign
29,9,0,3.937470398156009,0,31965532,106,19,8,28AA66CE17424A26B9005011867519CFE2931376A849BD8BFD1BA4AC4756A042.apk,29320,99284,97426,344453,165315,73381,8,0,0,0,1885,24,33,2422,0,251,0,153,5209,benign
7,2,0,3.5968919324675706,1,29628904,4,5,3,3410A059AC4A26D381F80315A637BD542486F459926B91764CD2A52C2FCB2FB0.apk,3309,32664,29974,117716,62924,29629,4,0,0,0,926,18,10,1735,0,16,1,77,1506,benign
3,0,0,3.7471671973069336,0,74265266,5,0,0,C4A9CB62F99CA2E35A8A7BC28C031F0B848742DF5EEC343F8EB22334AE7DC114.apk,78,1738,1529,5052,3085,895,2,0,0,0,31,1,2,0,0,0,0,1,290,benign
4,0,0,4.294687297488658,0,4060933,8,1,0,3F67A7B4F624C2A69A37F44B135DAC5CF6ED4F2A798FDF3C0E6B0B419935E282.apk,2298,16949,14679,60983,27179,14506,3,0,0,0,126,4,20,41,0,30,0,56,158,benign
9,4,0,3.819548827786958,0,4840241,14,0,0,19C04563ABA2D8FD264E8545A87904ECB754356ADFB9B5448412024B272092A3.apk,4157,21883,17851,71529,21447,18659,2,0,0,0,506,6,12,855,0,8,0,28,124,benign
27,2,0,3.0220552088742,0,6059148,4,8,13,76448F040C38A21BD0A077EA69234605097AB231464AF558082B56162C762E9C.apk,2446,14452,8922,42473,13513,11409,2,0,0,0,183,2,12,690,0,4,0,38,136,benign
9,2,0,3.3825680832760767,0,471908,3,1,0,9049F164E8DA1FE1E69AEA5A7FB3D6DEBCC7DEB907F3A0D28F9EB98FD040EDB7.apk,73,1306,423,1785,436,233,2,2,0,0,22,0,4,0,0,0,0,1,5,malware
33,6,0,3.238901256602631,1,14065753,15,3,3,8F9F7BB1D9AB3FC712814A5F8B5F6FE46FDAD5D30F54AF3B731D023775D45FA4.apk,908,10901,5144,21069,8185,4449,7,2,0,0,150,3,25,51,0,12,0,4,95,malware
30,6,0,3.5,1,28798457,37,7,2,C80D37CCDA562BACAE47FC97D6715577B397FA6F025B19B9AAAD1E052121FB8E.apk,6,41,29,142,35,34,0,0,0,0,1,1,0,0,0,0,0,3,4,malware
21,5,0,3.4713544870139303,1,10578260,70,10,6,7C914CE2A65E8D9FBCF30F8C3EFC43FDBD70D3BA24254FDA1337C7E3E668E490.apk,12,98,40,224,90,105,0,0,0,0,0,0,0,0,0,0,0,12,12,malware
17,4,0,3.484183719779189,1,24093013,16,5,1,9BC07B4196B6470A7B25ECCAB5DC56900F182541EC14A17C4874FA2D67A83238.apk,0,23,22,49,12,15,0,0,0,0,0,0,0,0,0,0,0,0,0,malware
11,4,0,3.1751231351134614,1,35520453,19,6,8,5EDB6A1F02F29F52A4775E02AB9ABE23191DCBBC8DA96C0518ECD2DA227052F9.apk,792,6181,3882,15712,5030,3647,12,1,3,1,72,14,9,29,0,10,0,4,42,malware
43,11,0,3.3787834934861767,1,1704493,9,13,8,011E65439189780270FCFC38EE02ACE208BAC949C08872318A4ADC4A67EB3758.apk,0,37,9,49,29,10,0,0,0,0,0,0,0,0,0,0,0,0,2,malware
114,15,1,3.5110854081804286,1,7667769,158,27,26,D47730F3D137527205DBE3635F7D16E64ED536EB46458F4C15D3E694CF8FF935.apk,7846,43752,25613,133548,46074,24621,31,8,2,3,443,22,21,509,0,42,0,56,115,malware
8,2,0,3.640223928941851,0,7710929,8,3,5,A6CC8CF0BCE2A906735A349A89CFE64B532FEC644BA9F3BF174486DBDA400FE5.apk,991,4047,3697,16769,6247,3990,7,4,2,0,62,7,10,35,0,4,0,5,13,malware
10,7,0,3.5465935642949384,0,1779578,14,1,0,FB27CF9CA6D07E30AA90C0A1D31C13C3E8B2A747A67A0087FD49F611EDC258A0.apk,476,3820,1853,7981,3410,1476,13,2,6,1,29,2,30,29,0,0,0,0,3,malware
9,2,0,3.7256507561120933,0,2664545,4,2,1,78F909E3D95C2826FC6930F4346DA1B5D692EA865C9975047FBA05D695CB3D16.apk,1718,6893,8492,47555,10034,10742,10,0,0,0,195,1,1,698,0,8,0,50,146,malware
9,4,0,3.9736606896881845,0,1786449,8,0,0,13297EB183B76925111A8D524C74E347D3EC738B0676DDAA8122F4F43DCA7814.apk,732,7181,3500,16281,4040,2923,5,0,0,0,72,0,16,37,0,4,0,0,10,malware
17,7,0,3.0957952550009344,1,18493017,6,1,0,50FAF551EA8B8E3C8B36F1AF007D758658C7BEDA31DD88F99E99AFBD23E22627.apk,6,50,31,157,59,48,0,0,0,0,0,0,0,0,0,0,0,4,4,malware
7,2,0,3.8796640049025934,1,7314917,2,2,1,33020D2BEDF8AC124CE023DB43F81A50ADC3852322D4EB00F6E05F449048CFBE.apk,2000,1790,2284,8717,3126,1842,1,0,0,0,8,2,1,6,0,0,0,1,7,malware
33,8,0,3.456564762130953,1,25007421,56,13,9,D5E737E51D5F512FEF854B2D45016185BE19DB9830AE75B14E98D8808D86B197.apk,715,4086,1641,7158,3995,2212,2,2,0,0,46,8,4,6,0,8,0,4,4,malware
7,3,0,3.559900001923084,0,4608477,15,5,2,8F41099A1383ACA01D536145931D53F1AA6A905910DA9C3F4F9AAC864CCC951A.apk,3386,12925,9951,41215,17414,12396,0,0,0,0,109,7,8,28,0,8,0,32,103,malware
5,3,0,4.0724312513221195,1,1926864,21,1,1,297CA7B447DF72D8481B13AA28C4F0E6C3AF51082383AB3F616606A118B77DCA.apk,6,42,26,120,30,30,0,0,0,0,1,1,0,0,0,0,0,2,3,malware
8,2,0,2.725480556997868,1,4258955,14,1,1,D32425F83152EBD0C7E10198C4B9768C6DF0DD5025959FD49F9D79E8A706F699.apk,340,1601,1209,5963,1393,1352,1,0,2,0,30,2,5,104,0,4,0,0,2,malware
19,3,0,3.7193758224153695,0,3364178,19,14,13,5FE5FFF57EDE2BD00D8054231C48C062C3A9F7B1C9F24833C4C07BDDFB58D3E4.apk,345,1681,1512,10067,10022,1967,0,0,0,0,46,1,0,0,0,0,0,5,68,malware
8,2,0,3.775070520364181,1,29850235,4,1,1,4281CAECD5CDD27E369FCB24B9DB4A0A02AE90AD465A57396F21BA4C0ECEFBC0.apk,2258,10363,6035,28868,12242,6723,9,2,0,0,84,1,7,52,0,4,0,4,23,malware
6,2,0,3.807763576417195,1,34855465,22,1,3,52D54C5C6DCC703DCAE56B6AC2DAE0BC50216CC62F4CDF8E4EB4FF671EF975C7.apk,5856,35575,21878,88978,39154,23340,23,0,0,0,532,8,41,138,0,12,0,36,190,malware
16,9,0,3.6211755429194716,1,55543650,25,1,0,2F2FB4B0088D9721D0B675A63F11CC1A88C90A3063A328D1488B8FB1F87E3DAE.apk,2061,15751,6390,29202,13123,3970,8,5,1,3,139,16,17,63,0,0,0,2,14,malware
22,6,0,3.3787834934861767,0,5549741,8,5,3,5E1A1E2F43428ACBA6F7C8D1F0B685EE450E99C267DEC346708CC7AAA8C78AC1.apk,1268,2194,1336,8726,2379,2189,3,1,0,0,13,0,2,0,0,4,0,18,31,malware
8,2,0,3.9353986674667634,0,2142386,5,2,0,82475D63038D624455E2D208D9547DE74C4B10F78DFCCB67F81527098B82E6EE.apk,528,3166,1315,5731,1705,1127,3,2,1,0,27,0,5,0,0,2,0,0,1,malware
18,6,0,3.0595379647257896,1,5967135,41,2,1,353FCC06D3C9F3DC9A62EB3B6764F445DFBABB2834C7394F8104B894CD27A0B9.apk,1185,8113,4861,20898,5775,3786,4,2,0,1,173,7,11,278,0,16,0,1,16,malware
12,2,0,3.609668477419888,0,2200158,3,2,2,EE6918C1B2C1B26C1F4B282090012F67487E5F91FF660F43D7EDC40906264BD6.apk,344,1471,1580,7309,2039,1207,2,1,0,0,31,1,1,7,0,0,0,8,11,malware
5,2,0,3.6897037321995474,0,5600976,4,0,1,90E7C4677B983AA39A43BF876028FBA5CBE5B0D5AB79604CA60D1875C77F5307.apk,816,1428,1230,6096,1630,1556,1,0,2,0,34,0,6,28,0,4,0,4,7,malware
36,7,0,3.1556390622295662,1,28191402,168,20,13,84CCF0A0B9CE3A1663EF91A5F3D5F5D0F4ACBF29FA7717D4ABD02ECE17F449A8.apk,6,50,31,157,61,48,0,0,0,0,0,0,0,0,0,0,0,4,4,malware
12,3,0,3.3263604079526954,1,4042946,5,0,1,433026C6066AFD3907BA191586FEC5F94894117B1E827AD64319DAE00E4986C7.apk,921,631,953,3298,926,750,0,0,0,0,4,0,0,4,0,2,0,1,2,malware
25,11,0,3.584183719779189,1,25609934,17,2,1,DAEDC90835955AAB58D2499B88CE2CDCA58B807A1364341C2435E25E180BAB97.apk,4188,14798,7614,34547,12198,9066,18,11,3,2,192,8,18,142,0,32,0,25,91,malware
6,2,0,3.7671834678914604,1,19118453,53,5,0,73344E4BC148EB8B43A9DEB04B10D95044F52D69E7AD9A293779D9DD43BB0747.apk,7,48,30,159,64,51,0,0,0,0,0,0,0,0,0,0,0,5,5,malware
40,12,0,2.8993974703476995,1,28364144,96,6,7,729EBE5AA5F421A2EE896E7F7B29DC2F5A949E162108C749539C51E96024F229.apk,381,2308,916,4086,2189,1193,1,1,0,0,28,6,2,3,0,4,0,2,3,malware
12,5,0,3.7979026896829473,0,7964079,4,2,2,B899FA921AF0B5642D23042EB618AFAEAFB197972122531B8B437F0E69147D5F.apk,536,4642,1885,7881,2500,1479,12,0,1,0,41,7,7,6,0,0,0,2,32,malware
15,4,0,3.125,1,18800354,14,7,14,C6BAD0B3F878D9CBB1764D346CA2532DB24A7243A6E989D6EE52F14AE912E3E9.apk,987,6720,4681,19625,6647,4385,10,1,4,0,69,3,20,43,0,12,0,7,16,malware
16,5,0,4.001822825622231,0,2704478,7,3,3,748D9DF891B5E50971605B1697B709D4DE0F44C2C96545F6F97BBEE718558F4B.apk,653,5957,3209,12928,3590,2543,5,1,0,0,41,5,8,201,0,6,0,3,15,malware
8,4,0,3.7045348998193433,0,1400649,11,0,0,D4F44470E554358B580218F2EEFECA53DE0E6E7D2819727462FA5C0473E59552.apk,748,3340,1813,7905,3388,1580,5,3,0,0,42,3,24,13,0,0,0,0,3,malware
5,2,0,3.555533151426996,0,6667334,5,0,0,139CC0910E9C075D6CFAE81DA219A3922E25446B2CE114297F72CAD07A3281BF.apk,446,5233,2860,12391,3430,2568,2,0,0,0,82,4,8,187,0,2,0,1,20,malware
10,2,0,3.9677201004744997,1,50230673,10,2,2,24333EF036F6CC311BA2CDF8C6802DC102C1FD8721DD83EC3BF01E0BAF66A3EA.apk,0,85,77,337,62,45,0,0,0,0,2,2,0,0,0,0,0,0,0,malware
9,0,0,3.6897037321995465,0,15727513,52,7,9,1EA6707FBCC475ADB2D6BBC8C68ACB59BBE17A2CDC475274E60CE09425326537.apk,6791,97731,66867,266217,141838,60291,18,0,0,0,1338,39,43,1624,0,83,0,139,4384,malware
39,12,0,3.6464393446710153,1,63889935,85,9,12,AF9BDBF13B5B005D494B877B87C359FA1754D94B3EECA68AF04F63AA70473AFC.apk,12,92,39,215,89,105,0,0,0,0,0,0,0,0,0,0,0,10,10,malware
2,0,0,3.640223928941851,0,4825769,4,0,0,B95E81D5A2CBE4097BF2267584F7092A2C2DA30473B79CCA5206A776917C1735.apk,2889,11995,7118,36464,16148,8460,7,0,0,0,69,0,6,67,0,2,0,11,38,malware
8,2,0,4.1313003425053605,0,7460810,38,2,2,41DB11D74CAD87678DF3066437DA996C3237318B3957733FA4C1C36349109701.apk,5564,28872,22219,90893,34360,22672,6,0,0,0,476,4,49,496,0,6,0,63,207,malware
20,8,0,3.772055208874201,1,9160092,121,5,1,CF814B3B845E938858918AF9BE955033711FB42F537744485CBC04D80A215C1A.apk,6,41,29,142,35,34,0,0,0,0,1,1,0,0,0,0,0,3,4,malware
12,5,0,3.5585186130489057,0,3496369,48,1,0,28782EA80B799AC0C5EC277BA50A63D86013C257BC76F67D091F91218973D0F3.apk,836,13520,7614,29947,7078,5784,4,1,2,0,116,1,31,125,0,11,0,4,164,malware
12,2,0,4.008694969562841,1,10759571,10,11,6,6E6BDCD511F2DB9C005157DFDDB951E2C35257D89150AA721027555F80D7C659.apk,364,1002,521,2247,962,723,6,0,0,0,14,0,1,8,0,2,0,7,9,malware
11,4,0,4.150292659616668,0,13156122,10,5,6,87BF37046A242F3F06B926DCD57FB6078C563EF2129297DC23B0F7FC8EEAD567.apk,13718,8391,4228,28999,8345,6546,6,3,2,0,55,3,6,31,0,6,0,6,9,malware
17,7,0,3.373557262275185,1,13249395,31,4,3,27D4AC571FA72780A6D62C3DD4FA9D4F4419FA03B3D65FF41A7405731E153F3E.apk,6,40,26,130,33,32,0,0,0,0,1,1,0,0,0,0,0,3,4,malware
10,4,0,3.8962915290459286,1,5687858,4,0,1,700727D534F71BF09C85737A49F6F8813DE4368C414AD22089674940266DA27C.apk,4322,8934,7001,26138,6946,6971,5,0,0,0,67,3,9,76,0,4,0,5,42,malware
11,2,0,3.5503407095463886,1,25861036,44,17,17,FAFCF9078175D585AE9A321401204CA4D29E7AD6767E28247984E30B56BC31AD.apk,14274,54914,35283,149671,53283,37707,12,2,1,0,654,16,56,635,0,26,0,66,282,malware
2,0,0,2.94770277922009,0,973841,13,1,0,4F03630B5BAC4EC9E1D4A66DFF4569FB6F0C01B63DA27152C7D31E0FB979EA35.apk,363,1657,1651,10605,1687,1891,0,0,0,0,45,0,0,131,0,0,0,0,19,malware
21,6,0,3.431623565847432,1,7442795,85,7,1,A607DFBBADC5AC7DB9140E5DAD95D547428ECFCD78EB1D45AE3936264410AC67.apk,12,103,44,242,85,105,0,0,0,0,0,0,0,0,0,0,0,10,10,malware
5,2,0,4.089773453445212,0,20021724,1,0,1,BA954E90F8E5B32ED389C5F8B6D85F1886A211C888155CB39E2FC525CC1E8F8D.apk,36,968,982,4731,639,978,2,2,0,0,6,0,2,0,0,0,0,0,3,malware
42,11,0,3.842370993177109,1,15964637,57,5,3,12CB459B2C974DEFBCB07BF416368F242E3B780CBA07B20E65181F9F6EDBE629.apk,32,141,101,460,99,145,0,0,0,0,2,2,1,0,0,0,0,4,5,malware
13,4,0,3.327819531114783,1,4545261,22,3,3,EA9D4C682EEBD72D670C80C72E662E26368682C12EA01A25AEF8CE6BFFC13830.apk,0,17,9,35,7,17,0,0,0,0,9,1,0,0,0,0,0,0,0,malware
8,2,0,3.885826825457272,1,45370048,9,3,4,6EDDAEE313407FF0D3DD3B234A59925AB70BD8228880CAB3600BFD100ACBC3E0.apk,1887,7583,4727,24659,11152,5276,9,0,0,0,34,0,7,63,0,2,0,5,31,malware
26,5,0,3.7841837197791888,1,62893533,157,28,16,D04AF1172AD8EAA0791531E0EBBB04366DDEC15D9A7C631319357C42EC4B2CAC.apk,6,43,30,148,54,46,0,0,0,0,0,0,0,0,0,0,0,2,2,malware
32,8,0,3.8936606896881845,1,98662802,54,2,5,BA04330FDC2D9C00E76CF67E61ABC94EEC6593CEEA3F505FD9DB124C5BE9ECCD.apk,2139,10061,5422,25277,9105,5924,13,7,1,3,147,2,4,67,0,22,0,5,29,malware
36,11,0,3.344698375159713,1,52727562,79,11,7,851B6302780D30570042239B35325C979A6C544E2BD1E077A89FD0B0EA211F93.apk,387,2321,921,4131,2205,1218,1,1,0,0,31,7,2,3,0,4,0,2,3,malware
10,3,0,4.0472990984266435,0,1049648,6,5,5,75C83844CC10ADDE46F12AA5784C66E24CC8D10F1229130947D989AED3ED2F1E.apk,112,353,287,1920,903,339,0,0,0,0,5,0,0,0,0,0,0,4,48,malware
32,6,0,4.254525464966176,1,15017381,44,15,16,F500208F3F03950CC8CDCCA3EE87FA8C05380CCDC4C1B8F7EA345BDDDF5F46F4.apk,13181,0,54575,222822,72972,57044,13,0,1,0,1052,26,70,2803,0,69,0,83,474,malware
12,2,0,3.994680368408909,1,23704917,5,4,3,B3ECEC026E967C9012718B6632F033164FAAEB608AB077705783E8ADDC5823A7.apk,1166,5114,3133,19233,7276,3886,4,2,0,0,52,1,5,113,0,2,0,3,3,malware
2,0,0,3.695947226387471,0,12587346,3,0,0,9BDFC53C2FA75966A718032832A702CE6E9F9E3368A72D64C43683EB55BF30C6.apk,2554,9449,6055,27190,17751,8300,0,0,0,0,24,0,8,5,0,2,0,6,31,malware
18,6,0,3.6423714487439023,1,52754276,34,9,4,13E4F342EB588DE656BDBDA38338D54F9C0FB67ECA2F3455EF19FF2A992BFA1F.apk,0,173,116,633,118,97,0,0,0,0,6,6,0,0,0,0,0,2,2,malware
5,0,0,3.813660689688185,0,185527,3,1,1,313E98D1AA098A93797778DD9D264F352DD72FAD0B7E36CF22FEB0F43306BE20.apk,88,1271,680,3142,855,537,2,0,0,0,3,0,5,0,0,2,0,0,10,malware
2,0,0,3.9362434129830604,0,7847558,3,0,0,66A755A1F48E65224AB6374C36B168C056688EBBB771A88D42610EDED034846A.apk,2163,7366,4837,20534,14049,6547,0,0,0,0,55,0,5,0,0,2,0,5,20,malware
8,2,0,3.8349625007211565,1,35416364,4,1,1,C0DD2497542716775C535CE267B8B205EB6F64483C83ADA0E691E481EF440D5C.apk,241,251,186,1110,392,372,5,0,0,0,0,0,1,0,0,0,0,7,12,malware
11,3,0,3.681880802803405,1,5410543,14,3,6,BBC26B9658B4F2190BC0DEA422A8F77178BECE80F688FCB2E1180B4490033D11.apk,700,4772,2414,10578,4043,2811,7,5,2,0,55,2,8,15,0,2,0,0,21,malware
10,3,0,3.8521687236032816,0,2423960,9,4,2,B08431E42D82CFA87032A3F7529C93F6CF7EC3AE770AD2E1A5405BC835B50689.apk,4785,22155,14024,66753,24794,16236,15,2,2,0,191,4,25,333,0,4,0,52,96,malware
10,4,0,3.35764392601285,0,1843421,2,4,3,7C3C19F73677582AD7C9CFE9013C8F25268DD3C141C9E515258A74B72668D7D3.apk,398,2086,1207,4805,2566,889,0,0,0,0,9,0,3,5,0,0,0,2,13,malware
30,12,0,3.299896391167891,1,16935060,113,5,5,1B397BA38AD073B7832B2C3CB40047A19AF1D04E19C47673394E1E41A013C35D.apk,6460,26723,14833,65413,23447,13551,18,6,5,3,253,5,16,357,0,6,0,11,98,malware
32,11,0,3.760017277849653,1,41681258,43,8,5,081FF17FB84F4CC0CC4717AD10463E0CF877D75C5EC1DCC0B3CD8C3B0A0448AA.apk,1715,24130,12190,49923,20593,7579,17,8,2,2,294,7,26,173,0,2,0,3,23,malware
11,5,0,3.5905710812598666,0,1083783,4,5,3,3B469B6F35214DFA977496E014D7FA443D44DC065A1D22F83F7B0A1F3B298AA1.apk,404,5301,2691,11033,3447,1642,5,0,0,0,103,1,10,18,0,0,0,0,43,malware
10,2,0,3.418295834054489,1,13596835,10,4,4,3C4B85FB3365DE6DF5923AE80FFBD594E4AF2CF18A34EE7AB9AF0BFDD7D85659.apk,27,71,46,167,85,52,0,0,0,0,0,0,0,0,0,0,0,0,2,malware
15,5,0,3.9966483737709138,0,2131015,26,8,7,113A4745718DCCFE28A4337B2E109B4D7944D469915CA03BE1587D445DFE080F.apk,2339,14390,8146,35022,11182,6998,21,1,1,0,163,5,24,57,0,6,0,5,60,malware
13,5,0,3.9677201004744997,1,48278459,12,3,4,55074304D6B991B5FCF76715ECBEBEF8FEC49D28F24436A976873DEE565C7C3D.apk,1516,11383,7492,33890,12005,6894,7,3,0,0,251,2,13,83,0,6,0,6,26,malware
8,4,0,4.1604200911461655,1,11310461,35,6,2,DE5862FC9A1A692EA054A49D6FA71FAD3389F306BB6CD655CAB6F044FDB9EB92.apk,635,4058,2598,12266,3707,4092,1,2,1,0,167,0,0,0,0,0,0,0,9,malware
5,1,0,3.8527277834538585,0,5246422,29,3,3,573D11B999EBFFAA211953BA65B95E4190226B8E049039841042BB74DE864348.apk,7300,29087,15715,72785,23845,15892,10,0,0,0,294,16,35,288,0,15,0,9,68,malware
14,5,0,4.21126073643228,1,27976016,10,4,4,E19DC62D045E21FEDB8D6793A53D1E855C8BD4A83E4799AA3CD49D51E144AF96.apk,3792,17355,11185,48915,18308,11299,8,1,0,0,464,7,13,558,0,19,0,11,59,malware
30,11,0,3.68456081428629,1,13572627,38,6,6,F3419F43891FA20D072C7C99F0FC7508F0B7046AB3DBC6EAD6B5561D21ABBBD3.apk,2688,26294,10947,49123,17754,9409,45,14,3,13,172,16,38,148,0,27,0,13,39,malware
17,4,0,3.337175341123077,1,26201283,17,1,2,F8D657B9B7F23FC14B16D973DD67DC833240B2860378CF1646003E0FEC412788.apk,723,4113,1630,7118,4012,2209,2,2,0,0,46,8,4,6,0,8,0,4,4,malware
2,0,0,4.385008029473517,0,5363114,3,0,0,05BA3E2ADCA89D9001F34060CC5A108EE87C234C7309C0B5A3E5595F66033DAF.apk,996,3724,2133,11052,6612,2922,0,0,0,0,9,0,3,0,0,2,0,1,10,malware
11,7,0,3.9057645846554525,1,43128492,33,3,3,88A5DD3A0E9FDDA1AC9005943579ADEA15ACAE9BCFB274C2AD77E19AAD879D10.apk,7289,29113,15648,72671,23722,15839,10,0,0,0,289,15,34,288,0,15,0,9,68,malware
9,3,0,3.521640636343319,1,11052494,4,2,2,8279DFE78E785CBA2D081BD3E67E9151341CF29ED42D7DB2334DCA8E3957E503.apk,158,1489,887,3295,1133,793,0,0,0,0,42,2,0,27,0,2,0,3,5,malware
19,4,0,3.7841837197791888,1,9722691,53,5,2,A2E951C21DB3C3F57323890207FC42E17E9A0716D7F8314BED490792AC5D40C4.apk,6,46,27,143,35,36,0,0,0,0,1,1,0,0,0,0,0,3,4,malware
36,9,0,3.375,1,14683532,4,1,1,E39AD8A3F02E310ECE0B44DBC4A971B7F6D669571E5F2C5805C47D117D174AB2.apk,3,24,16,82,17,16,0,0,0,0,0,0,0,0,0,0,0,1,1,malware
9,3,0,3.608732132691434,1,29735627,7,4,3,E57FBEB0266ADFF90A05D3F1476A6800D2FFDC4355030AD11AF11E907825AE3E.apk,538,1993,1721,6215,2675,1432,7,0,0,0,8,0,2,33,0,0,0,4,71,malware
8,4,0,3.836591668108979,0,1972520,3,4,4,D675665848E235948CDD183B2A7C89FE79A735CD49D3FC94F04A85897929425E.apk,904,6124,5775,27251,6895,5706,3,0,0,0,82,1,1,705,0,4,0,36,108,malware
34,8,0,3.202819531114783,1,37383148,170,13,8,04296A1ACBC2CB090A55892458C24E2DB7D7AD1A1AA6C16C6D344FC483F539D3.apk,6,40,26,130,33,32,0,0,0,0,1,1,0,0,0,0,0,3,4,malware
9,3,0,3.8154107252426983,0,711880,4,0,0,D1684661CD2F5BADEB212B03C35FB600681CAA1CC3C7210E955E3EC346972CBB.apk,4594,6909,2503,9585,5004,2453,2,0,1,0,45,0,17,6,0,2,0,0,0,malware
41,11,0,4.103909910282363,1,50078608,46,7,8,C7138A11EA2939F585875E4CB7DF99E07BB5089C0C50529BA53CA9A42F3E8062.apk,1163,13456,7325,32261,10556,6658,25,16,2,3,186,2,9,82,0,42,0,74,101,malware
8,6,0,3.57243125132212,0,5803497,29,3,3,1DC36E2E5D509A687F768DCDD5007A018D2EE8BDC22DD6DEC1F36EBAAAC020EB.apk,8557,30611,16942,80708,30756,17790,17,0,0,0,281,16,35,134,0,6,0,13,64,malware
16,9,0,3.831401845392172,1,1915886,23,1,0,19BF98CBD086C226970E517AD4C8BE307528F3F2F4FBC0BFFF84C5EB824CC9B1.apk,825,8906,4834,20083,6877,4052,9,1,4,0,74,0,25,114,0,4,0,3,36,malware
4,1,0,3.5464393446710156,1,17143895,3,0,0,B7A5B045AAECC0DA36A9EC15F5D5455793EF01A9DE82312BF1402F467978C7DB.apk,0,24,22,52,12,16,0,0,0,0,0,0,0,0,0,0,0,0,0,malware
28,10,0,4.106377316818028,0,2705552,38,3,2,886F71F010945508F59F5238C01C76C3AEC4EE417FFF2991918E80E24737B33B.apk,1937,15071,6559,27173,9462,5180,16,5,4,0,89,6,63,521,0,10,0,2,80,malware
9,5,0,3.7849418274376423,0,563258,12,0,0,28C3873BF99F1D29B948C168EBD8D78A76BA39A8BE79160F9F0194B9BC9E849B.apk,778,5904,2647,12046,5021,2830,8,5,4,0,68,4,28,21,0,2,0,0,13,malware
17,7,0,3.506890595608518,1,76050435,68,5,1,BE5B9A14434273794DCF847AD1472F86492EB90CF6751A14793114145D560C7D.apk,6,42,29,143,36,33,0,0,0,0,1,1,0,0,0,0,0,3,4,malware
9,4,0,3.734521664779752,0,1191250,4,3,3,329118A3FD72A8E45674ABCC952280BD5619FB55454209D8024EBED0412EBBB9.apk,198,2321,1451,6099,2484,1184,4,3,0,0,28,0,6,2,0,0,0,0,2,malware
5,1,0,3.819244738933759,0,5228976,29,3,3,3686888A291BDD896ECB7DCB04A85C5494B041E3544E2CE5E7E08C3854F4D253.apk,7300,29087,15715,72785,23845,15892,10,0,0,0,294,16,35,288,0,15,0,9,68,malware
10,5,0,2.321928094887362,0,3204172,6,0,0,640ED7C8A2FE3D458F045D8F29361BFA57915F2402B79FF95CE7D447406814A2.apk,532,4622,2156,8940,3457,1560,8,2,3,0,43,2,26,28,0,10,0,0,1,malware
4,0,0,3.8438561897747245,0,1468576,1,0,0,1BC532C48AA3D00387696C1185315635EDF054F56E43A96C77F1C32A833CDB43.apk,1217,3101,3259,19694,4078,5324,2,0,0,0,53,0,0,21,0,0,0,20,52,malware
12,5,0,3.6421498816369064,1,28388543,20,5,11,D34AEA5F07615C66B3E71FA6E6D46221FDC25639C9E66E584C8EE89E79DEA5C9.apk,1151,6561,4746,21556,7436,5179,15,4,2,1,85,5,10,32,0,10,0,9,23,malware
42,13,0,3.3248629576173574,0,1907695,12,11,9,C5336142140EECE6C3CDDF0AFC677A8C9D3ADA2BF755E83D11AE97DEC1C3DFB5.apk,1917,14059,6796,29477,10457,6582,38,36,5,14,178,2,16,213,0,42,0,26,104,malware
4,2,0,3.5542292966721747,0,8067397,1,1,1,718ED1722823E98C981BC8CF0BF545D6BA242C52C70D7C8E1754D37C19FCC083.apk,36,285,152,787,245,182,3,1,0,0,1,0,4,0,0,0,0,0,0,malware
22,12,0,3.484183719779189,0,10096,1,1,1,3695F70184C5A3DC263B0FA3CC6709AA345DCA908CEF5D99756F3134EEB3BDBF.apk,4,24,35,83,45,17,0,0,0,0,0,0,1,10,0,0,0,0,3,malware
10,1,0,3.2913293742051106,1,16793504,2,1,1,E4BB385EA4C3E9B75B58D6CB6CCF351EB8B2ACE26D670EA54DC571528AAAE8E9.apk,1942,8300,4128,21334,8620,5282,3,0,0,0,21,9,6,322,0,2,0,3,35,malware
32,8,0,3.6211755429194716,1,15771065,60,8,7,32F51498E988E04BA0B8473504ECCE0014E76A7387C20EFC343E7BD13BACF7B5.apk,3732,35032,17159,92395,32225,15719,23,8,1,0,470,12,44,291,0,10,0,28,104,malware
8,1,0,4.430313437343593,0,5983187,20,5,6,245B83FE37EA74798DA1228C7ABE6E35245E4E57903D67D687C396B967468C09.apk,4925,32107,17799,85951,27149,21221,7,0,0,0,109,2,33,44,0,8,0,39,159,malware
15,7,0,3.736006946447657,1,1386547,4,8,5,20E7AEA5EBDD6A9A06D6688FBBE18B125D5202F475721C6AEE23ECB11A47BB70.apk,0,4,11,58,59,13,0,0,0,0,0,0,0,0,0,0,0,0,2,malware
9,5,0,3.0957952550009344,0,693448,6,0,0,A5CDA9062E66CB1CC848B629C84A726F514655706B2D091C8A64127AB974D860.apk,826,3888,1829,7894,3147,1745,4,3,2,0,39,5,16,27,0,0,0,0,7,malware
24,7,0,2.75,1,5105165,9,2,4,967C0630DF0063B3679189620AC64328B57958D29F4402877F684800D79ECD7B.apk,682,2795,2135,9481,2892,2159,5,1,2,0,54,2,8,42,0,6,0,4,9,malware
32,10,0,3.506890595608518,1,25012088,155,10,7,DD336042E521720AAA2F6C5C7E90FB696DA904B8587D85F015AE54DF6BE6FA4F.apk,5,50,29,152,40,41,0,0,0,0,1,1,0,0,0,0,0,6,7,malware
29,10,0,3.323231428797621,1,20480250,23,9,4,E2993DFD3E2F322F37AE00503FC1C065FCD5B578F39082BAE54188DBD7FE07F1.apk,7,48,30,159,62,49,0,0,0,0,0,0,0,0,0,0,0,5,5,malware
12,2,0,3.5585186130489057,0,3672023,9,3,4,B59ADCD315C143A566EA873220BAA762AD42C13EBA60A691F512A059A6616490.apk,725,2529,1454,6832,2743,1499,3,2,2,0,17,1,14,17,0,4,0,3,3,malware
13,4,0,3.5,1,4706596,12,1,4,31E5956B0FD6FAAEE73474BEAE13445EE2498D0A618B4D7A86E30A311F631CFE.apk,672,3020,2938,12475,4222,2884,6,1,4,0,52,1,13,32,0,8,0,5,8,malware
8,2,0,3.721928094887362,1,41478613,2,1,1,9BB0153E57F95631C602F74B98162EF214CE17603191BE77E4DDC04AA4FE741E.apk,782,1379,766,3616,1295,1317,2,0,0,0,7,10,2,276,0,0,0,8,29,malware
36,9,0,3.1916116417513782,1,20327885,57,5,7,5320919A6D2A7180BEC9DC98C4CA4914F6AC315346D600B0F35D0AB3F44200B7.apk,5749,37747,24801,103898,41193,25556,50,26,4,0,635,36,28,2903,0,52,0,70,256,malware
12,4,0,3.6234651896016468,1,5334307,7,2,1,E511168C6C1B6BA457FB087F4284EDB6E74CFCE85C2855453BF3C4795D1A9AEC.apk,0,92,82,353,59,47,0,0,0,0,3,3,0,0,0,0,0,0,0,malware
13,5,0,3.663532754804254,1,2320351,6,1,1,9E87A070BA0BAF20E6B3004682A94B69884D343EB95D81A5EBB437E2415DBA53.apk,1258,3661,2640,10387,3379,2230,10,2,1,0,20,0,5,18,0,8,0,0,3,malware
6,3,0,3.875,0,1842878,3,1,1,CEBE57D32596712A8B94B50B1454BE393168DF416939FA397046D12966E4C33B.apk,141,2007,1878,5449,1585,1289,4,0,0,0,14,0,3,0,0,4,0,2,5,malware
33,10,0,3.3927474104487847,1,39639354,129,18,11,57EAFC2FDEB7C477C2A95CBD19AC42AA8A511F276CF9466ADD93E83C1E3EB94C.apk,7,48,30,159,62,49,0,0,0,0,0,0,0,0,0,0,0,5,5,malware
6,0,0,3.8242528312829873,0,3140064,6,2,3,42D7B9F7148CFE1566D5F27413A401D038A73049E884A07891185A981BB6D4F6.apk,2289,12103,7777,33930,14448,8799,2,0,0,0,109,1,10,55,0,4,0,17,66,malware
13,3,0,3.2608281712244565,0,12194745,7,23,17,A1B32D693EAB551B8730DF3BEC7A5945A0D712AA763F48CF1D91E37A1CB04A8A.apk,4059,15916,12720,58970,18719,15409,11,1,1,0,425,5,8,854,0,8,0,58,209,malware
46,9,0,3.3232314287976203,1,11759447,203,11,5,60EBA7F6FE7397253FCF8E9E54EFE2DBB602B91524EADD7BAF3DEA47FDE3A3E3.apk,387,2321,921,4131,2205,1218,1,1,0,0,31,7,2,3,0,4,0,2,3,malware
28,8,0,3.7216117239699025,1,28623723,99,13,5,AE8A742BF3F0CDCA566B5078ACA45FCB53074E4612F1ED645D5C76A69EDC2ED5.apk,6,52,30,151,38,44,0,0,0,0,1,1,0,0,0,0,0,6,7,malware
13,4,0,2.94770277922009,0,673701,1,1,1,7E5946BA29DF41DCAF3009898172692C244528E99877B48B4F19087CBFE9B9A7.apk,266,1648,1309,8964,3959,2227,4,2,3,0,1,0,3,12,0,2,0,0,3,malware
20,6,0,3.7464393446710154,0,2576011,44,6,7,C43E0768DE2038906BE1D7D225B87F670859987D9C1539665760D9E96BE2DD28.apk,754,7555,3583,21033,9613,3181,6,0,2,0,201,0,8,172,0,18,0,3,5,malware
28,6,0,3.7841837197791888,1,5575399,100,13,1,62B84C17D0F9DD3BE11788739B12D6E780DD9EC60AE366E1954A4776AF49CF77.apk,12,103,44,243,85,105,0,0,0,0,0,0,0,0,0,0,0,10,10,malware
35,9,0,3.5726236638951634,1,24291671,170,10,7,9012A5DE1F87979E960F2BD61BBA12D2FAC3267A9873E04C2186B4B5344BB3B0.apk,7,48,30,159,62,49,0,0,0,0,0,0,0,0,0,0,0,5,5,malware
18,6,0,3.614369445886757,1,39685184,50,19,19,007D8D84EC8EB23AF6CAA6EA7579C61D3E8665AA969C1FFB476C955E12C2AD7A.apk,4228,87461,44189,181911,96323,34580,9,1,3,0,641,31,56,816,0,56,0,87,336,malware
15,6,0,4.17146526179041,0,6769012,47,7,6,95F0529B33FF600B3E32B96205D6427E2F78FA41E5A4E08B296AC7B3E5D1C571.apk,5681,35749,21952,99492,39129,21153,6,0,1,0,306,4,102,221,0,16,0,43,153,malware
19,5,0,3.5110854081804286,1,2701716,4,1,3,04A9E564CAEE620BFD546294FA6CFE2881E654C47E99F2C43E2B11BEB417FB54.apk,0,1,0,1,2,0,0,0,0,0,0,0,0,0,0,0,0,0,0,malware
32,12,0,3.09306920777189,1,31253849,86,11,10,7E05589FEACAEF5083CB3F7D8223A838A8FFB132331AE7E01966C7CE73292C45.apk,1015,4143,3108,12883,6242,3357,5,4,0,0,74,11,8,212,0,8,0,4,12,malware
2,0,0,4.1973257087065035,0,5025009,2,0,0,D5B38C21FF47628A1E85B1D2BF6B42330AFF61998F8C31D3844ED00265590B94.apk,758,5114,2891,11036,4880,2913,0,0,0,0,19,0,8,0,0,2,0,5,24,malware
17,5,0,3.6897037321995474,0,5083927,3,1,3,31A27012B9BEFE6DD2A0166FF4E306B113893C473319D66A37B2743370AD12EC.apk,390,2400,1425,6888,2155,1316,2,0,1,3,38,1,1,22,0,0,0,4,10,malware
32,4,0,4.442679443536939,1,3682887,11,2,1,C270E22443DEFB544BE6ED82372124B5F404A29447B7A8D6E8A269039A53C862.apk,1177,3153,1865,9941,2931,2230,4,0,0,0,16,4,7,6,0,0,0,10,23,malware
25,4,0,3.350209029099897,1,16728539,128,4,4,5492716CCDCD5DAE6941681B6825040556F02736417C45212973940F80ECB9B7.apk,7730,0,16692,91874,33360,18085,23,8,1,0,203,17,23,220,0,14,0,13,41,malware
9,4,0,4.076518242671685,1,9147129,5,0,2,F20B90C9116890390B5F43565FB75B795C0FFE90F0111B9A9036B7660B0BB7F1.apk,187,1612,952,3782,1259,845,1,0,2,0,1,0,8,7,0,6,0,2,4,malware
9,3,0,3.92880260927073,0,3039374,4,3,2,91F27AA2BA573D5695EBC1BBEF95483071CA3A36E6ED8626713D171204204F69.apk,112,3635,1271,5741,1835,1346,2,0,0,0,39,2,6,4,0,0,0,0,2,malware
9,3,0,3.708132064658602,1,51150578,6,0,1,A51A1F83FE04639F6ABD4C6E446C8C6F14B996E2DD6F0EE3B202BA8FDCFA09CA.apk,1731,9418,9905,41348,13884,10306,5,0,0,0,229,4,8,22,0,0,0,32,136,malware
5,2,0,2.9139770731827523,0,1238931,12,0,0,13B3EDE6132EF2892E5A96FF701EF7EB9D0AD917EA0B16A43B92880D62CACE04.apk,1176,7983,4018,22650,7550,4369,1,0,0,0,43,1,11,43,0,8,0,4,24,malware
6,2,0,4.565448371820826,1,30546643,9,2,2,9FB602E42CACC7D3CE4F4EA5B9894AFD67709F31A03F8E0DBA648EC811AAE1F1.apk,591,2267,1984,8492,2401,1953,9,0,2,0,35,1,8,28,0,4,0,5,13,malware
9,2,0,3.7950885863977324,1,926891,13,1,1,CA8EB1155C2F5B33822B906F2255CDEAC0EEAD86A58F151C11BD5003458CFCA1.apk,62,1110,387,1682,585,298,2,0,1,0,29,4,4,22,0,2,0,0,0,malware
37,7,0,3.5883543471732335,1,64116607,130,18,14,35CF7936AFC92E4FE76D7E10E904F91798DE97754C91E98CB0680A3E5C1C5E6F.apk,12,103,44,242,85,105,0,0,0,0,0,0,0,0,0,0,0,10,10,malware
18,5,0,3.8553885422075345,0,3449800,2,1,1,0543B4CDC786FF0C3EBBD9F7B6377052DCF3AC8001BE5463DCE9B1298C809B32.apk,154,1528,1002,4278,1027,477,3,2,0,0,15,2,11,9,0,4,0,1,1,malware
0,0,0,4.018423116183429,0,9079011,1,0,0,8A99768D0943573FDD90966C125F4C81B215E749BEEF2DA19D557E5CAB8F1145.apk,1,46,23,92,38,15,0,0,0,0,0,0,0,0,0,0,0,0,0,malware
9,1,0,3.8869177791754286,0,2556430,6,2,3,6E94FE2B1F7689B26A510BFB54DC2846EA87B5B509BB238A4DB733BC0E98E586.apk,1814,8213,4767,22697,10047,5188,9,0,0,0,35,0,6,28,0,2,0,0,17,malware
12,4,0,4.028407600989611,0,2549216,6,2,2,23C233D148B48D1F01182D2E4F01B3243FF903C7FC1A3E7C6CBEC04A21112F25.apk,337,2070,1291,5979,2021,1181,4,3,1,0,34,1,2,1,0,0,0,0,0,malware
23,6,0,2.8423709931771093,1,27139459,6,3,2,CFA67BEBDF80901C4838E2F63B8CF47FCDED9FCE39199DB72C31D47B1D9D683F.apk,1345,2083,1693,9603,2257,2367,5,0,0,0,33,0,1,21,0,6,0,15,31,malware
7,3,0,4.093925470128008,0,321890,4,0,0,DD19673DF6D5C1B05F2238E8FEFCA3AD88BE2116D39469F3DECC7D116B82CC65.apk,74,2518,1593,5594,1990,972,8,1,0,0,33,0,4,3,0,0,0,0,10,malware
10,2,0,3.09306920777189,0,480404,8,1,3,B977A944C061514CEBD0F66F42546D8FD2E334124371A8CFD751E2C18B156AAA.apk,748,3519,2212,10180,3858,1612,5,5,2,0,51,2,16,24,0,4,0,1,4,malware
16,6,0,3.655045546825804,1,4127606,15,2,6,712382F2E661DA0BB825E857F93D5412EB8E780D65F8FE0B98BEDB27857E5603.apk,1409,5824,3022,9412,3018,2279,15,3,5,0,62,0,27,43,0,14,0,1,2,malware
5,1,0,3.8588029144615943,0,6113354,31,4,2,32F357471ABFB04DBCEDFEFAD845E6AA467A1E4C6E4554FBE9D82644F5DEA740.apk,7869,33640,17726,78882,27904,18628,13,0,0,0,411,18,32,278,0,15,0,11,82,malware
17,4,0,3.8819015959326326,1,17677946,53,19,15,146F7A4073ABFB228EAC005EEECF4EBC138B4054EE6F280E814023C8466E7D5C.apk,10225,87348,65988,275350,122955,64869,46,4,0,0,1161,27,62,1383,0,88,1,160,1604,malware
38,13,0,3.6753108689123644,1,7200657,205,6,5,509AD44B2F7071D47C54E7B10DE90F52E35AC3BEE729D81D236AA06F1DAA3603.apk,391,2315,909,4023,2235,1196,1,1,0,0,28,6,2,3,0,4,0,2,3,malware
19,10,0,3.8013774524295485,0,6022739,29,3,3,6273F0F9DE61E534FACA1A90AF0F44A461E1E205B33DC9DF7591FE2C5BB10617.apk,8556,30592,16938,80671,30753,17781,17,0,0,0,281,16,35,134,0,6,0,13,64,malware
14,5,0,3.6835423624332306,0,10825987,64,0,0,5DF1685498E5E35FF76D2DADBDE7EFA4E16C681AB1B9C6B09F4FD46722FFE851.apk,2446,9570,4695,22385,9802,5007,14,5,3,0,83,3,38,55,0,6,0,0,8,malware
13,3,0,3.8330709070912787,1,34107584,5,2,2,3B5E29CF345FF9FDBEEAAEE84F949E18286ECD9CB4C2531F1B9FC13AB095C6B1.apk,0,135,99,435,78,56,0,0,0,0,5,5,0,0,0,0,0,0,0,malware
13,4,0,3.8975870361235367,0,5067673,7,4,1,52889C00D42771FB725C7EB35F2DC7FFEF3B36802A9419CD08CA852EBA7203B6.apk,210,1835,1171,5472,1645,1068,1,0,0,0,35,0,0,27,0,4,0,20,25,malware
22,9,0,4.001629167387823,0,2097215,27,7,0,FD4510210378E02DA65713E6EED75E7D577913101E7A293DE8B7FE22482AFB09.apk,900,7017,4023,17640,5597,3926,11,3,2,2,72,3,12,17,0,12,0,0,30,malware
20,6,0,3.8868421881310122,1,24222795,4,6,11,58D66D128D834590FD70D73C7F9BE064F6A7D2B9BF48DEB3F8E4985998044A29.apk,2747,4572,3890,15516,3509,4015,0,0,0,0,41,2,2,34,0,0,0,4,11,malware
10,5,0,3.9101792788836396,0,691331,14,4,1,E5479CC91C210D2875662D416FE032F0858D7CC389F58638EFCF8BA90FE477F9.apk,799,5323,2559,10637,3946,2144,10,3,1,0,52,1,31,15,0,10,0,0,23,malware
7,4,0,3.8553885422075345,0,13400072,5,1,1,EAEDA44C107DDAD61D9A31AB4B7F4E3E7BF9EA7080B0A23A31B2B39B77389F0D.apk,1561,7095,4470,24269,10059,5239,2,0,0,0,50,0,5,53,0,4,0,4,15,malware
5,1,0,3.6897037321995474,0,6219543,29,3,3,EDA16D9E21C3E3CA8C0226FC71A3E2F9B488138A0A732423230ED9FEE5B2087D.apk,8873,34966,19357,89414,32544,20434,17,0,0,0,320,16,35,312,0,15,0,14,77,malware
8,2,0,3.780394654123195,1,13630424,6,2,2,9D42F967364AEC050D8E84A2BD37962568BECA14729AC2334D420FB48C7947FB.apk,0,125,92,372,79,50,0,0,0,0,4,4,0,0,0,0,0,0,0,malware
4,1,0,3.1279868068776753,0,6484393,29,3,3,9DA075F9B6BC753B879715B8014577DD30ECB180FC3661299608C110C13B618B.apk,8679,33450,18231,86580,32018,18950,17,0,0,0,320,16,35,312,0,6,0,14,76,malware
97,12,1,3.5726236638951634,1,91754159,156,35,26,23185A3F0598CC34BD56FD3FF3A64C20D08B810CD501CFF5A5339DEEAA468FA6.apk,6,43,30,148,54,46,0,0,0,0,0,0,0,0,0,0,0,2,2,malware
7,2,0,3.486440501696145,0,1004395,4,1,1,3021B92ACECD5EB40CB041FCA825202461B6DA55979EE0555D875BCB3135CF1D.apk,70,3671,494,3350,2753,831,0,0,0,0,14,0,2,1,0,0,0,7,10,malware
18,6,0,3.6168746059562227,1,13850664,4,0,0,44B933F0B970A360303786D58142A66A47CF3F4B991B2B69BAFB6C85FC990D3E.apk,0,23,21,48,11,14,0,0,0,0,0,0,0,0,0,0,0,0,0,malware
4,2,0,4.054614015542449,0,4108157,3,0,0,BFF8F21417ABF7160CE83E342273F690F93492A151DDEEE6BFABF04EDACAA57B.apk,3113,11434,8696,36211,17787,11993,0,0,0,0,135,1,11,189,0,26,0,25,123,malware
8,3,0,3.8848588918890474,0,102926,1,1,4,248D84C5DC831DD940645DC3626FB25D4B9E8E7610ED2CE11458CCC3E3811087.apk,4,803,298,755,320,113,3,0,0,0,9,0,1,0,0,0,0,1,3,malware
27,10,0,4.180451390892102,0,2684783,37,3,1,679262DEA792946679B4F59C18200D13EA2019991374F2F77F98B9F5751D7A22.apk,1938,15081,6559,27178,9467,5180,16,5,3,0,89,6,63,521,0,10,0,2,80,malware
40,10,0,4.001629167387823,1,65067890,129,14,9,393DA27BE062C779050FF92DEE8037B86843B4B0F21F9DB46D327946E4FA0B3A.apk,6,50,31,157,59,48,0,0,0,0,0,0,0,0,0,0,0,4,4,malware
10,2,0,3.038159681645953,0,1666100,1,1,1,5CEED4DCFF6363BB7C4E3E472DDE366C7267D5BC3A6F79E655D822B42EC19ABC.apk,124,400,349,1299,495,412,1,1,1,0,10,0,0,0,0,0,0,0,4,malware
5,2,0,3.9783335811852645,0,10874286,5,0,2,1E8280E802010817677232A5B0CA391180874C68C7B86A9B8BBC4C30744BEB13.apk,304,1858,1098,5486,1329,1058,3,0,2,0,30,1,13,39,0,8,0,0,0,malware
39,11,0,3.7950885863977324,1,40943228,164,30,15,F8064805F8FFF9C2637C4E5D2CC09FFFA35861301D1CE31D0C28562B5E60470C.apk,7,48,30,159,62,49,0,0,0,0,0,0,0,0,0,0,0,5,5,malware
20,6,0,3.6644977792004623,1,3034567,3,5,2,F69122C82BAB1BF1941A067448B25D73654C01793F7DE02F2FBB344105BB2463.apk,6,41,29,142,35,34,0,0,0,0,1,1,0,0,0,0,0,3,4,malware
11,4,0,3.5724312513221195,0,653761,5,2,2,07A242A7A66084C0BEBA31878B2033595B945FA64226AF139B7F3BF143D7FB86.apk,145,1427,676,3139,1418,747,2,0,0,0,11,0,2,0,0,8,0,3,9,malware
15,5,0,3.1751231351134614,1,5898249,29,1,1,5A53D54BB9F84299EED76042E73A05760B6F2949C158973584E49970334ABD19.apk,1615,12352,7143,28324,12369,6385,22,7,8,0,110,5,33,57,0,6,0,3,41,malware
8,2,0,4.090234012145144,1,77562586,3,1,1,81A8200A00B51C70037C49284875EFE713CE92CBD8E0B968428045CED23DA84A.apk,421,1018,846,4582,1150,1039,6,0,0,0,32,0,1,21,0,0,0,8,12,malware
12,4,0,3.913977073182751,1,8837537,2,1,1,F8CDA906EEB33D1F7F5237A2F2397F8D16938A11E829F27E6F2903FFCADA2F87.apk,341,1059,984,5442,1383,1372,0,0,0,0,32,0,0,21,0,0,0,20,25,malware
3,2,0,3.555533151426996,0,536224,7,0,0,B9911FEEB8C72DD157CD8FC77370A67174563FBB9D05B7156EB29A8F287D0623.apk,350,1828,772,3640,742,887,5,3,3,0,8,0,16,12,0,0,0,1,5,malware
27,8,0,3.084962500721156,1,12186626,51,4,3,DD3FF8ADFBFC87546E41DA4AD635DBE44AFC3505E2C0B23FD7C5A78192DA65D4.apk,32,141,101,460,99,145,0,0,0,0,2,2,1,0,0,0,0,4,5,malware
9,5,0,3.486440501696145,0,1087390,5,0,0,378363B477AA9B307612BAEB97731FE7BFAF92A92FC5E9B686B666199A3E00B3.apk,249,3622,1368,5447,2790,1069,5,1,0,0,39,4,10,12,0,0,0,0,3,malware
1,1,0,4.042433003725893,1,3551634,1,2,1,FB7A1A6407AD3B2017AB4ED9F1B195A19AFA15F9C3EE749998C023ADF302B676.apk,32,6959,85,9100,4873,1644,0,0,0,0,0,0,0,0,0,0,0,13,1368,malware
6,1,0,3.541743520601859,0,634276,12,2,2,46C23B47F87AC76B5938052224CB8679A770933147F6180B5B1C248113DD0F72.apk,167,2279,1325,5796,1626,984,3,0,1,0,56,0,2,2,0,0,0,0,1,malware
8,2,0,2.75,0,90457,5,0,0,87EC96B4352D107BADD4736C260FC036D692D936C27919E9BC0D7F1C72AA4BE0.apk,73,1591,535,2460,589,392,2,2,1,0,26,0,1,0,0,0,0,0,0,malware
17,5,0,4.521640636343317,1,19605247,73,8,6,3C614E39C2C654916059DF83E0ACA906A90AF79F7FE2A8FF5B4B52B8663388ED.apk,0,33,26,104,51,22,0,0,0,0,0,0,0,0,0,0,0,1,2,malware
13,3,0,3.6234651896016463,1,52298284,5,2,1,2BFF537FFF1BE07A268808587B57D5EE43684F4AA461219EBDCED9776F86974C.apk,0,17,9,35,7,17,0,0,0,0,9,1,0,0,0,0,0,0,0,malware
19,6,0,3.6835423624332306,0,836787,9,1,0,2C401EB212D5B308B2B8F24F19A4B0EE9296F5BFA16FE03D1CDCC2181543A924.apk,143,778,500,2492,545,272,2,1,2,0,20,1,3,0,0,0,0,0,3,malware
3,2,0,3.849223912390625,1,16934429,2,0,0,E257932FE2B084D2A29CD2415E607061C4BB537116AFB71DAEFB0C7787E960D1.apk,452,2633,1603,7581,2280,1834,4,9,0,1,50,3,1,21,0,0,0,5,11,malware
21,5,0,3.8230679822736606,0,3643702,26,3,2,9A500C833AE49A867BBA430E2AC27D470952BD769489CFAB4E768FC5A496DCA9.apk,3419,8584,4986,19557,5965,4603,13,2,4,0,64,2,16,55,0,0,0,0,11,malware
40,11,0,3.6304126608739984,1,65015184,266,26,9,1A9162A86D8876DEA56E70AEE86740000DF63EA13A5B1465EFFCC7E27F013224.apk,6,52,30,151,38,44,0,0,0,0,1,1,0,0,0,0,0,6,7,malware
6,2,0,2.8150724101159437,1,17295266,24,0,0,5AD74B32D6B986AEB7B3C57CAEE37E95FBB2AA8A71F1222ED45DA7B80F8D8A4C.apk,12,98,40,224,90,105,0,0,0,0,0,0,0,0,0,0,0,12,12,malware
5,2,0,3.849223912390625,0,7097751,30,3,3,E0C1022C1B3CA55AF558F4B5243DFED0FE86B8D9B7666E154ECD223605A9507B.apk,8553,32090,17987,84432,32463,18764,19,0,0,0,375,17,39,132,0,6,0,13,79,malware
125,14,1,3.5032583347756456,1,7159223,421,57,19,DDA02ACD1A3CA9277568A105317D2EEB5FA3D66A6EE4564EC57566B98AE86DEA.apk,10527,58297,28559,140449,62162,29909,41,8,3,3,384,30,28,678,0,28,0,112,1076,malware
13,4,0,3.842370993177109,1,5128572,7,2,5,8CB2D9F193CC7DFA5AEC376F0FCF9BEDE0AD104C6928BB5D7168EC14EC87775E.apk,919,8026,4385,14304,4959,3008,19,3,6,0,115,2,30,89,0,10,0,3,20,malware
8,6,0,3.4039894464852614,0,17262450,33,3,3,901E84473265A5D196D125ED14520C9B3C85F495A1EDFB798C222163719FC3C5.apk,7299,29183,15799,73035,23848,15917,10,0,0,0,294,16,35,288,0,15,0,9,68,malware
36,12,0,3.7541634277688813,1,27823150,4,2,1,0B4AE3AEC07A252A075C5FB02EF88222A611C3C8BF63B2A017C59C13FD067B54.apk,1281,4140,2613,10826,4091,2955,13,11,1,0,56,8,1,49,0,0,0,51,103,malware
12,3,0,3.7544418457133446,1,10436062,9,3,1,D03E4241DE04E091E4169A66BA06B97EC17A2DDD2BDDD366ADDEE2E959B8957A.apk,283,1781,1159,4682,1482,1466,1,0,0,0,38,1,2,7,0,2,0,0,3,malware
10,3,0,3.8645783739023827,0,5298949,6,2,6,8A26EF142BA407EA8EF8F65C02D8062891F32C54BAA526D3C80001BE41243481.apk,605,5254,2963,11656,4097,2344,8,1,1,0,89,1,15,30,0,2,0,1,12,malware
14,5,0,2.9312089489103235,1,1916368,11,2,2,A1CF64D3C1068332E9670FF645D008642424D6AFEDB1D7811E349775993BB377.apk,2287,14158,7651,33186,12992,7553,29,8,7,0,166,5,63,74,0,20,0,1,20,malware
12,3,0,3.7545327192655034,0,1500973,3,2,5,6710D001326E4AE83A0FA0AD048347EDA29ABBFFEAB78268B6B75CFBBDA7D50B.apk,30,1871,594,1509,735,245,4,0,2,0,12,0,4,14,0,0,0,0,0,malware
15,4,0,3.8214419452073285,0,3758802,8,4,4,FC51E78C1A363BC7DD0CBEB3E6A02F6BAB39E6AE62EFEFFE60E19CFB524C1455.apk,810,1789,1182,4897,1884,1407,2,1,1,0,25,4,3,25,0,0,0,0,4,malware
19,5,0,3.594465636961452,1,5005142,4,1,3,842A95A063728455156CB72EC89C98FBAA7365FFEF2BD8BC2AD5DB0F456C0A85.apk,60,130,64,353,90,101,0,0,0,0,0,0,0,0,0,2,0,2,2,malware
13,4,0,4.288909765557392,1,43660025,7,2,2,4D677940A38C862AB3DFC7240E08F83A187A5D0C728521D843B0143E7A82E32D.apk,119,1559,728,2968,1303,739,3,0,1,0,11,0,3,0,0,8,0,3,9,malware
4,0,0,3.771860873964197,0,11929918,48,7,6,4D65963C80C0AB797DE1E9B28B7B6E350FC4F12A9BD38C45377FDCA8B2816E37.apk,7148,28656,15385,83909,30749,18269,4,0,0,0,201,11,35,115,0,14,0,22,97,malware
10,4,0,3.5800503514647377,0,1589199,5,1,2,CDB270BD583EA3C6AF282AAAB1FDC2B0EA9BCF83AAD1E9BA934804F766C9C1BD.apk,265,1900,1285,5335,1839,1007,4,3,0,0,13,1,2,2,0,0,0,0,0,malware
7,1,0,3.721611723969903,1,5030873,19,5,0,77743C3BD7608539E72D172BF458D81EEF6E719BE2988BD2AC51E305F10D1BE2.apk,6,42,29,145,36,33,0,0,0,0,1,1,0,0,0,0,0,3,4,malware
24,5,0,3.5068905956085183,1,9609735,15,6,6,30BC2951E67C0D5DF020EFF716546BBBB6B48C0561233B19CD7AA4AE8F49FC41.apk,3214,19726,8813,38343,16657,9594,13,6,1,0,169,15,20,358,0,22,0,30,194,malware
38,12,0,3.536886723742169,1,2165662,11,10,6,2961FD5FC4E11E37D7F72AD920DFD9E02E8C28F2D6AA60884B4A39227802E667.apk,2740,17693,8180,35546,13424,8305,45,37,2,34,121,11,42,34,0,38,0,68,239,malware
12,6,0,3.6464393446710153,0,2294789,60,1,1,32B17C4EE8C528C664CCFC2D2087AF9BFD3AE9F134ECF869BD5F16C3DE415BE1.apk,1150,9019,4796,18362,8798,4626,15,3,4,0,81,2,20,39,0,20,0,0,8,malware
9,4,0,3.375,1,7630846,8,3,3,EE220DE3E52EA72B1DCEC6370D86DC9D7555D77F1820F18FD538DB53DCD33A79.apk,1179,4064,2997,12853,4852,2939,5,2,0,0,21,2,9,2,0,2,0,1,3,malware
11,3,0,4.106603137064474,1,28941902,5,2,2,5E571EC72FD9A0F641187E36B0BDB418B68B8D76C6F58FC276811E17DD028703.apk,0,17,9,35,7,17,0,0,0,0,9,1,0,0,0,0,0,0,0,malware
8,3,0,3.680089353694807,1,6880434,8,4,1,D885D2F7338AB28493EC479AEEAF944012EA2CAB61BE3D1DB7D2DA5CF443D50B.apk,6,40,26,130,35,32,0,0,0,0,1,1,0,0,0,0,0,3,4,malware
22,7,0,3.506890595608518,1,21782244,17,8,19,6A0E3FF959903288B1BE63C34E887DF53F04003C50F57CA907B7F51735C3EE84.apk,1999,4707,3192,16340,3819,4278,1,0,2,0,70,2,7,32,0,6,0,11,21,malware
6,3,0,3.7950885863977324,0,2914793,8,0,0,3C345511FEFE153D72883670999CEF819738B20CCC3E8BBC31BDF15288BAC4A2.apk,4,2779,455,2442,785,273,3,0,2,0,12,0,3,6,0,0,0,0,0,malware
169,11,0,3.375,1,2121175,69,18,10,2309A39573F84331110497CA6ECFF95C0379E5C9AC2A4C52720953E202F6F096.apk,843,6939,4599,25967,8089,6020,13,1,0,0,86,7,17,31,0,20,0,46,110,malware
44,12,0,3.381620107948735,1,20984840,79,13,8,8B85EA9C17C037D10F49537E8BF6D54DDBAEC3A489590F93EBB9F7413B24DB38.apk,12,92,39,215,89,105,0,0,0,0,0,0,0,0,0,0,0,10,10,malware
9,5,0,3.486440501696145,0,1087389,5,0,0,7309DF9BDEC4F6829A312944B4454C86325DD2D1D7490C8B057E014E316B89F8.apk,249,3622,1368,5447,2790,1069,5,1,0,0,39,4,10,12,0,0,0,0,3,malware
7,2,0,3.5883543471732335,0,4923315,10,1,1,3F54A609A9DE7BD95EF998817F99F32D4BF002B565834C2B8A5EF41B2F0D5F72.apk,2667,14135,8740,40838,13643,9868,9,0,0,0,77,0,15,158,0,2,0,7,31,malware
5,3,0,3.927567157116928,0,7808663,33,3,3,94AFCD83858359514B66F49C6630D3F1B112C840F962054865BDBEEE56A27835.apk,7264,28929,15520,72070,23553,15711,10,0,0,0,289,15,34,288,0,15,0,9,68,malware
6,2,0,3.8731406795131327,1,2176110,7,2,0,D62B156778EBDD7162EB628FD4FC268C258598277F79BB049C90F1D0290F5C50.apk,223,1290,1049,4971,1161,939,2,0,2,0,36,3,8,28,0,4,0,1,4,malware
16,4,0,3.365636576077286,0,590391,5,1,2,23E73AF4FC4B5DB022E19644FE9C4844BE039BB971ADC981490EB6EA0F198F81.apk,8,267,172,816,222,144,0,0,0,0,2,0,0,0,0,0,0,7,10,malware
5,2,0,3.5944825065194204,0,10930077,4,0,2,BCE8CC201BCF3723D36D6D476594D8EB57A72C187CFB04ADC0206488D6462FA6.apk,930,1286,1546,7375,2113,1637,1,0,3,0,11,2,4,10,0,0,0,5,10,malware
15,3,0,3.3787834934861767,0,2683083,22,3,3,7891CFDF205A71763CF84832A7AF22A6B95D9F0D3BBC3471F12C6C00BBEF066E.apk,326,3532,2068,9214,2901,1539,9,4,6,0,80,0,15,47,0,0,0,0,0,malware
8,4,0,3.0269868333592873,0,1003985,6,1,1,19353C703346C410DE5C753D1033253F2E5AF2770BC4E53D5D235B4606EF2C49.apk,291,1793,1226,5269,1949,1057,3,3,0,0,16,0,4,2,0,0,0,0,0,malware
12,3,0,3.9219280948873623,1,4532106,6,3,3,BB13C8D88DBA8D1295B7A3727E976D04D229F3017738DFE7A9B9860A648848DA.apk,0,17,9,35,7,17,0,0,0,0,9,1,0,0,0,0,0,0,0,malware
8,2,0,3.770942421748537,0,3152937,5,3,0,CB2F0C55CC141EBFF7BD0D0E009FB0E40483EB914003656A07ABDA5883D817C0.apk,546,3366,1289,5361,1809,1114,3,2,0,0,40,0,5,0,0,2,0,2,3,malware
28,11,0,3.625,1,26037158,148,15,10,74E6C883278E0FBCFF3601DCB45939A8642FDEAE1C39998FB0124B545E9E3DF7.apk,6,37,23,110,29,22,0,0,0,0,1,1,0,0,0,0,0,3,4,malware
8,4,0,3.9091598586362757,0,3301128,6,1,2,0DAEBE83E59D848A87EFD1B9DD9C7D3F1EA40D371F4974AD4F8DAAD96E337688.apk,2961,10108,6821,33510,16901,7659,7,0,0,0,38,2,16,50,0,2,0,5,21,malware
26,8,0,3.106890595608519,1,17683449,76,13,9,6A7F35D0A81CB884B4CA3221903ACAEFD74E1C8CBA7C74998756E98ED4E96BD7.apk,5,49,28,153,40,41,0,0,0,0,1,1,0,0,0,0,0,6,7,malware
23,7,0,3.7144093452479403,1,6104501,58,3,1,F1B863B3649533FCA127C52538ED1EA3D9E19406F1A3351EB616EDB64B8C1A8E.apk,0,129,92,400,78,63,0,0,0,0,4,4,0,0,0,0,0,0,4,malware
7,2,0,3.980709582593747,0,1568743,3,1,4,FA7453E6BD8C4123EF152EEAAAB179D4D5F343EDA874E3505DD577F29000544D.apk,276,3764,2329,8763,1908,1665,3,0,0,0,40,0,6,18,0,11,0,0,11,malware
36,7,0,3.0850551027564768,1,38345082,203,25,8,40E6CC6477E444B91CD3F643BB56A42AE697246C1CED0658ADBFE97C88D8894B.apk,6,50,31,157,61,48,0,0,0,0,0,0,0,0,0,0,0,4,4,malware
13,3,0,3.6168746059562227,1,3793388,19,9,4,5648114B1421EC0E680C4270829CCEBAA237C1F8E2BC451C40DBB9D0FCF1DF5C.apk,954,2864,2166,8155,2859,2082,0,0,0,0,45,1,0,17,0,2,0,4,10,malware
47,8,0,3.3502090290998976,1,28184728,292,8,5,B2F6DCC11DA9F832D93E41FD2554B886B797E56BD24AE2CA3C6B296BAFECA40C.apk,6,50,31,156,59,48,0,0,0,0,0,0,0,0,0,0,0,4,4,malware
11,5,0,3.429275070710713,0,1837620,3,1,4,FD84D381047C9A70DE324FF870E9ECAC8D436C7293F11F4FF4238D4843632F91.apk,364,1442,1146,5517,1654,1206,3,1,0,0,37,0,9,38,0,4,0,1,3,malware
18,6,0,3.725480556997868,1,32116364,77,5,1,46D7F181D95BB68E2D68CFD9D224E9BC30A083267C27337627A97DE9E7AE336E.apk,6,41,29,142,35,34,0,0,0,0,1,1,0,0,0,0,0,3,4,malware
13,5,0,3.121928094887362,1,3126113,39,0,1,FE15D73591F8B98706C736027D2813D7F1B720A5F360193EF6417C2921313628.apk,4053,12160,7165,36984,8373,8072,1,0,0,0,469,1,23,823,0,6,0,8,36,malware
13,5,0,3.7148697866030833,0,1618809,16,1,3,6AB9089622CA7F3974AF83A692A2059458F0C453A5C65A2DEA0B0B73CCA2B917.apk,1088,4397,3579,15228,5557,3628,6,2,2,0,75,7,11,33,0,4,0,5,22,malware
47,10,1,3.447262499441211,1,21763189,49,8,6,C32D1F9DB76CCBA8B6E96CD59EB21F683233FF3D207C508C9405C078C05FA4A4.apk,12,92,39,215,89,105,0,0,0,0,0,0,0,0,0,0,0,10,10,malware
10,3,0,3.8833374604210067,1,33963966,35,6,0,7F6E14234C094C4DE4972B564C3F47921C71DC0C77B6FB2F673A0D614488A25A.apk,160,941,750,4024,849,761,0,0,0,0,32,0,6,24,0,0,0,1,15,malware
7,2,0,2.75,0,98898,3,0,0,C2A61ACE2C76674D57C184B598E0556503189453F129010C2FB7B04BD7ECB4A8.apk,51,1139,310,1359,303,170,2,2,0,0,22,0,2,0,0,0,0,1,1,malware
8,4,0,3.8820451081368628,1,6988486,2,1,1,6ED4C3A723B8CD3A067CE971759C1E56EC5515FA170B1811197C3A5388115A93.apk,881,570,389,2345,271,518,2,0,0,0,0,0,2,12,0,0,0,2,2,malware
149,14,2,3.5032583347756456,1,14073082,589,68,20,6ECDD241D0E3ABA8F9F699B0F08E0CDD37D9943DEF1B9B80A4C8C57FFF7EDCE6.apk,13042,71395,33645,165725,74816,36878,55,22,3,3,596,36,35,790,0,34,0,140,919,malware
27,7,0,3.6163485660751657,1,5952550,51,7,5,0D0B387B29D0D3DB8103D166E9B8C4E90B894B3A34972C88FB4C5D0088D2CE3D.apk,6,41,29,142,35,34,0,0,0,0,1,1,0,0,0,0,0,3,4,malware
29,9,0,3.5,1,34759817,52,11,9,1ABA83F8F522C184BFFE02CFCDE8960C7A6BD6B889ACBAD019B70D044AD0A493.apk,3790,27625,15540,62816,22593,16739,42,25,1,1,268,25,40,1669,0,40,0,36,165,malware
6,2,0,3.350209029099897,1,11102146,8,0,1,DF97C955D33B84567441445094A10C4F48D000812B11A3C76CA0F669E5EF39A1.apk,491,1891,1410,7583,1814,1729,1,0,2,0,33,1,7,28,0,4,0,4,7,malware
21,6,0,3.849223912390625,1,9398429,7,6,12,5671BD2C86621B84ED4D41F91054F0EBE33E6A180B88553A7B3F50771EBBBBE1.apk,579,4828,2870,15803,3106,3190,2,0,2,0,43,1,11,30,0,6,0,4,12,malware
